clave_entidad,entidad,clave_municipio,municipio,poblacion
01,Aguascalientes,001,Aguascalientes,948990
01,Aguascalientes,002,Asientos,51536
01,Aguascalientes,003,Calvillo,58250
01,Aguascalientes,004,Cosío,17000
01,Aguascalientes,005,Jesús María,129929
01,Aguascalientes,006,Pabellón de Arteaga,47646
01,Aguascalientes,007,Rincón de Romos,57369
01,Aguascalientes,008,San José de Gracia,9552
01,Aguascalientes,009,Tepezalá,22485
01,Aguascalientes,010,El Llano,20853
01,Aguascalientes,011,San Francisco de los Romo,61997
02,Baja California,001,Ensenada,443807
02,Baja California,002,Mexicali,1049792
02,Baja California,003,Tecate,108440
02,Baja California,004,Tijuana,1922523
02,Baja California,005,Playas de Rosarito,126890
02,Baja California,006,San Quintín,117568
03,Baja California Sur,001,Comondú,73021
03,Baja California Sur,002,Mulegé,64022
03,Baja California Sur,003,La Paz,292241
03,Baja California Sur,008,Los Cabos,351111
03,Baja California Sur,009,Loreto,18052
04,Campeche,001,Calkiní,59232
04,Campeche,002,Campeche,294077
04,Campeche,003,Carmen,248845
04,Campeche,004,Champotón,78170
04,Campeche,005,Hecelchakán,31917
04,Campeche,006,Hopelchén,42140
04,Campeche,007,Palizada,8683
04,Campeche,008,Tenabo,11452
04,Campeche,009,Escárcega,59923
04,Campeche,010,Calakmul,31714
04,Campeche,011,Candelaria,46913
04,Campeche,012,Seybaplaya,15297
08,Chihuahua,001,Ahumada,14635
08,Chihuahua,002,Aldama,26047
08,Chihuahua,003,Allende,8487
08,Chihuahua,004,Aquiles Serdán,24344
08,Chihuahua,005,Ascensión,26093
08,Chihuahua,006,Bachíniva,5807
08,Chihuahua,007,Balleza,16440
08,Chihuahua,008,Batopilas de Manuel Gómez Morín,11270
08,Chihuahua,009,Bocoyna,23351
08,Chihuahua,010,Buenaventura,25146
08,Chihuahua,011,Camargo,49499
08,Chihuahua,012,Carichí,8113
08,Chihuahua,013,Casas Grandes,11815
08,Chihuahua,014,Coronado,2034
08,Chihuahua,015,Coyame del Sotol,1230
08,Chihuahua,016,La Cruz,3704
08,Chihuahua,017,Cuauhtémoc,180638
08,Chihuahua,018,Cusihuiriachi,5099
08,Chihuahua,019,Chihuahua,937674
08,Chihuahua,020,Chínipas,6222
08,Chihuahua,021,Delicias,150506
08,Chihuahua,022,Dr. Belisario Domínguez,2456
08,Chihuahua,023,Galeana,6656
08,Chihuahua,024,Santa Isabel,3791
08,Chihuahua,025,Gómez Farías,7023
08,Chihuahua,026,Gran Morelos,2448
08,Chihuahua,027,Guachochi,50180
08,Chihuahua,028,Guadalupe,4237
08,Chihuahua,029,Guadalupe y Calvo,50514
08,Chihuahua,030,Guazapares,8196
08,Chihuahua,031,Guerrero,35473
08,Chihuahua,032,Hidalgo del Parral,116662
08,Chihuahua,033,Huejotitán,824
08,Chihuahua,034,Ignacio Zaragoza,5196
08,Chihuahua,035,Janos,11005
08,Chihuahua,036,Jiménez,40859
08,Chihuahua,037,Juárez,1512450
08,Chihuahua,038,Julimes,4980
08,Chihuahua,039,López,4122
08,Chihuahua,040,Madera,25144
08,Chihuahua,041,Maguarichi,1302
08,Chihuahua,042,Manuel Benavides,1178
08,Chihuahua,043,Matachí,2742
08,Chihuahua,044,Matamoros,4314
08,Chihuahua,045,Meoqui,44853
08,Chihuahua,046,Morelos,7266
08,Chihuahua,047,Moris,4447
08,Chihuahua,048,Namiquipa,22712
08,Chihuahua,049,Nonoava,2757
08,Chihuahua,050,Nuevo Casas Grandes,65753
08,Chihuahua,051,Ocampo,8127
08,Chihuahua,052,Ojinaga,24534
08,Chihuahua,053,Praxedis G. Guerrero,5111
08,Chihuahua,054,Riva Palacio,7695
08,Chihuahua,055,Rosales,16776
08,Chihuahua,056,Rosario,2079
08,Chihuahua,057,San Francisco de Borja,2197
08,Chihuahua,058,San Francisco de Conchos,2696
08,Chihuahua,059,San Francisco del Oro,5004
08,Chihuahua,060,Santa Bárbara,11582
08,Chihuahua,061,Satevó,3414
08,Chihuahua,062,Saucillo,29862
08,Chihuahua,063,Temósachic,5320
08,Chihuahua,064,El Tule,1448
08,Chihuahua,065,Urique,17043
08,Chihuahua,066,Uruachi,6512
08,Chihuahua,067,Valle de Zaragoza,4775
07,Chiapas,001,Acacoyagua,17994
07,Chiapas,002,Acala,21187
07,Chiapas,003,Acapetahua,26899
07,Chiapas,004,Altamirano,36160
07,Chiapas,005,Amatán,24512
07,Chiapas,006,Amatenango de la Frontera,31735
07,Chiapas,007,Amatenango del Valle,11283
07,Chiapas,008,Ángel Albino Corzo,31947
07,Chiapas,009,Arriaga,41135
07,Chiapas,010,Bejucal de Ocampo,7365
07,Chiapas,011,Bella Vista,20157
07,Chiapas,012,Berriozábal,64632
07,Chiapas,013,Bochil,37263
07,Chiapas,014,El Bosque,24273
07,Chiapas,015,Cacahoatán,50112
07,Chiapas,016,Catazajá,17619
07,Chiapas,017,Cintalapa,88106
07,Chiapas,018,Coapilla,9900
07,Chiapas,019,Comitán de Domínguez,166178
07,Chiapas,020,La Concordia,49920
07,Chiapas,021,Copainalá,22192
07,Chiapas,022,Chalchihuitán,21915
07,Chiapas,023,Chamula,101967
07,Chiapas,024,Chanal,13678
07,Chiapas,025,Chapultenango,7472
07,Chiapas,026,Chenalhó,47371
07,Chiapas,027,Chiapa de Corzo,112075
07,Chiapas,028,Chiapilla,6156
07,Chiapas,029,Chicoasén,5402
07,Chiapas,030,Chicomuselo,36785
07,Chiapas,031,Chilón,137262
07,Chiapas,032,Escuintla,30896
07,Chiapas,033,Francisco León,7245
07,Chiapas,034,Frontera Comalapa,80897
07,Chiapas,035,Frontera Hidalgo,14556
07,Chiapas,036,La Grandeza,7701
07,Chiapas,037,Huehuetán,36333
07,Chiapas,038,Huixtán,22975
07,Chiapas,039,Huitiupán,27893
07,Chiapas,040,Huixtla,53242
07,Chiapas,041,La Independencia,46409
07,Chiapas,042,Ixhuatán,11377
07,Chiapas,043,Ixtacomitán,10961
07,Chiapas,044,Ixtapa,28999
07,Chiapas,045,Ixtapangajoya,6284
07,Chiapas,046,Jiquipilas,41063
07,Chiapas,047,Jitotol,24966
07,Chiapas,048,Juárez,21807
07,Chiapas,049,Larráinzar,31259
07,Chiapas,050,La Libertad,5232
07,Chiapas,051,Mapastepec,46130
07,Chiapas,052,Las Margaritas,141027
07,Chiapas,053,Mazapa de Madero,7901
07,Chiapas,054,Mazatán,28250
07,Chiapas,055,Metapa,5876
07,Chiapas,056,Mitontic,13755
07,Chiapas,057,Motozintla,76398
07,Chiapas,058,Nicolás Ruíz,4765
07,Chiapas,059,Ocosingo,234661
07,Chiapas,060,Ocotepec,14088
07,Chiapas,061,Ocozocoautla de Espinosa,97397
07,Chiapas,062,Ostuacán,18469
07,Chiapas,063,Osumacinta,3983
07,Chiapas,064,Oxchuc,54932
07,Chiapas,065,Palenque,132265
07,Chiapas,066,Pantelhó,26391
07,Chiapas,067,Pantepec,12266
07,Chiapas,068,Pichucalco,31919
07,Chiapas,069,Pijijiapan,51193
07,Chiapas,070,El Porvenir,12263
07,Chiapas,071,Villa Comaltitlán,30297
07,Chiapas,072,Pueblo Nuevo Solistahuacán,29636
07,Chiapas,073,Rayón,10866
07,Chiapas,074,Reforma,44829
07,Chiapas,075,Las Rosas,28829
07,Chiapas,076,Sabanilla,29889
07,Chiapas,077,Salto de Agua,64251
07,Chiapas,078,San Cristóbal de las Casas,215874
07,Chiapas,079,San Fernando,41793
07,Chiapas,080,Siltepec,25937
07,Chiapas,081,Simojovel,52935
07,Chiapas,082,Sitalá,15518
07,Chiapas,083,Socoltenango,19092
07,Chiapas,084,Solosuchiapa,8561
07,Chiapas,085,Soyaló,10890
07,Chiapas,086,Suchiapa,25627
07,Chiapas,087,Suchiate,41672
07,Chiapas,088,Sunuapa,2308
07,Chiapas,089,Tapachula,353706
07,Chiapas,090,Tapalapa,4547
07,Chiapas,091,Tapilula,13592
07,Chiapas,092,Tecpatán,21426
07,Chiapas,093,Tenejapa,48162
07,Chiapas,094,Teopisca,49499
07,Chiapas,096,Tila,83505
07,Chiapas,097,Tonalá,91913
07,Chiapas,098,Totolapa,7211
07,Chiapas,099,La Trinitaria,83111
07,Chiapas,100,Tumbalá,38025
07,Chiapas,101,Tuxtla Gutiérrez,604147
07,Chiapas,102,Tuxtla Chico,41024
07,Chiapas,103,Tuzantán,30302
07,Chiapas,104,Tzimol,16560
07,Chiapas,105,Unión Juárez,16008
07,Chiapas,106,Venustiano Carranza,67292
07,Chiapas,107,Villa Corzo,65643
07,Chiapas,108,Villaflores,109536
07,Chiapas,109,Yajalón,40285
07,Chiapas,110,San Lucas,7526
07,Chiapas,111,Zinacantán,45373
07,Chiapas,112,San Juan Cancuc,37948
07,Chiapas,113,Aldama,8480
07,Chiapas,114,Benemérito de las Américas,23603
07,Chiapas,115,Maravilla Tenejapa,14714
07,Chiapas,116,Marqués de Comillas,12892
07,Chiapas,117,Montecristo de Guerrero,8412
07,Chiapas,118,San Andrés Duraznal,6047
07,Chiapas,119,Santiago el Pinar,4959
07,Chiapas,120,Capitán Luis Ángel Vidal,4315
07,Chiapas,121,Rincón Chamula San Pedro,8718
07,Chiapas,122,El Parral,15587
07,Chiapas,123,Emiliano Zapata,10783
07,Chiapas,124,Mezcalapa,23847
07,Chiapas,125,Honduras de la Sierra,11650
05,Coahuila,001,Abasolo,1022
05,Coahuila,002,Acuña,163058
05,Coahuila,003,Allende,23056
05,Coahuila,004,Arteaga,29578
05,Coahuila,005,Candela,1643
05,Coahuila,006,Castaños,29128
05,Coahuila,007,Cuatro Ciénegas,12715
05,Coahuila,008,Escobedo,3047
05,Coahuila,009,Francisco I. Madero,59035
05,Coahuila,010,Frontera,82409
05,Coahuila,011,General Cepeda,11898
05,Coahuila,012,Guerrero,1643
05,Coahuila,013,Hidalgo,1735
05,Coahuila,014,Jiménez,9502
05,Coahuila,015,Juárez,1584
05,Coahuila,016,Lamadrid,1764
05,Coahuila,017,Matamoros,118337
05,Coahuila,018,Monclova,237951
05,Coahuila,019,Morelos,7928
05,Coahuila,020,Múzquiz,71627
05,Coahuila,021,Nadadores,6539
05,Coahuila,022,Nava,33129
05,Coahuila,023,Ocampo,9642
05,Coahuila,024,Parras,44472
05,Coahuila,025,Piedras Negras,176327
05,Coahuila,026,Progreso,3239
05,Coahuila,027,Ramos Arizpe,122243
05,Coahuila,028,Sabinas,64811
05,Coahuila,029,Sacramento,2471
05,Coahuila,030,Saltillo,879958
05,Coahuila,031,San Buenaventura,24759
05,Coahuila,032,San Juan de Sabinas,42260
05,Coahuila,033,San Pedro,101041
05,Coahuila,034,Sierra Mojada,6744
05,Coahuila,035,Torreón,720848
05,Coahuila,036,Viesca,20305
05,Coahuila,037,Villa Unión,6188
05,Coahuila,038,Zaragoza,13135
06,Colima,001,Armería,27626
06,Colima,002,Colima,157048
06,Colima,003,Comala,21661
06,Colima,004,Coquimatlán,20837
06,Colima,005,Cuauhtémoc,31267
06,Colima,006,Ixtlahuacán,5623
06,Colima,007,Manzanillo,191031
06,Colima,008,Minatitlán,10231
06,Colima,009,Tecomán,116305
06,Colima,010,Villa de Álvarez,149762
09,Ciudad de México,002,Azcapotzalco,432205
09,Ciudad de México,003,Coyoacán,614447
09,Ciudad de México,004,Cuajimalpa de Morelos,217686
09,Ciudad de México,005,Gustavo A. Madero,1173351
09,Ciudad de México,006,Iztacalco,404695
09,Ciudad de México,007,Iztapalapa,1835486
09,Ciudad de México,008,La Magdalena Contreras,247622
09,Ciudad de México,009,Milpa Alta,152685
09,Ciudad de México,010,Álvaro Obregón,759137
09,Ciudad de México,011,Tláhuac,392313
09,Ciudad de México,012,Tlalpan,699928
09,Ciudad de México,013,Xochimilco,442178
09,Ciudad de México,014,Benito Juárez,434153
09,Ciudad de México,015,Cuauhtémoc,545884
09,Ciudad de México,016,Miguel Hidalgo,414470
09,Ciudad de México,017,Venustiano Carranza,443704
10,Durango,001,Canatlán,31454
10,Durango,002,Canelas,4321
10,Durango,003,Coneto de Comonfort,4084
10,Durango,004,Cuencamé,34955
10,Durango,005,Durango,688697
10,Durango,006,General Simón Bolívar,10038
10,Durango,007,Gómez Palacio,372750
10,Durango,008,Guadalupe Victoria,36695
10,Durango,009,Guanaceví,9869
10,Durango,010,Hidalgo,3843
10,Durango,011,Indé,4748
10,Durango,012,Lerdo,163313
10,Durango,013,Mapimí,26932
10,Durango,014,Mezquital,48583
10,Durango,015,Nazas,12894
10,Durango,016,Nombre de Dios,19060
10,Durango,017,Ocampo,8003
10,Durango,018,El Oro,10384
10,Durango,019,Otáez,4924
10,Durango,020,Pánuco de Coronado,12656
10,Durango,021,Peñón Blanco,11118
10,Durango,022,Poanas,25623
10,Durango,023,Pueblo Nuevo,51269
10,Durango,024,Rodeo,12818
10,Durango,025,San Bernardo,2837
10,Durango,026,San Dimas,17333
10,Durango,027,San Juan de Guadalupe,5251
10,Durango,028,San Juan del Río,12013
10,Durango,029,San Luis del Cordero,2103
10,Durango,030,San Pedro del Gallo,1633
10,Durango,031,Santa Clara,6727
10,Durango,032,Santiago Papasquiaro,49207
10,Durango,033,Súchil,6917
10,Durango,034,Tamazula,26300
10,Durango,035,Tepehuanes,11378
10,Durango,036,Tlahualilo,21143
10,Durango,037,Topia,9320
10,Durango,038,Vicente Guerrero,23476
10,Durango,039,Nuevo Ideal,27981
12,Guerrero,001,Acapulco de Juárez,779566
12,Guerrero,002,Ahuacuotzingo,25205
12,Guerrero,003,Ajuchitlán del Progreso,37655
12,Guerrero,004,Alcozauca de Guerrero,21225
12,Guerrero,005,Alpoyeca,7813
12,Guerrero,006,Apaxtla,11112
12,Guerrero,007,Arcelia,33267
12,Guerrero,008,Atenango del Río,9147
12,Guerrero,009,Atlamajalcingo del Monte,5811
12,Guerrero,010,Atlixtac,28491
12,Guerrero,011,Atoyac de Álvarez,60680
12,Guerrero,012,Ayutla de los Libres,69123
12,Guerrero,013,Azoyú,15099
12,Guerrero,014,Benito Juárez,15442
12,Guerrero,015,Buenavista de Cuéllar,12982
12,Guerrero,016,Coahuayutla de José María Izazaga,12408
12,Guerrero,017,Cocula,15579
12,Guerrero,018,Copala,14463
12,Guerrero,019,Copalillo,15598
12,Guerrero,020,Copanatoyac,21648
12,Guerrero,021,Coyuca de Benítez,73056
12,Guerrero,022,Coyuca de Catalán,38554
12,Guerrero,023,Cuajinicuilapa,26627
12,Guerrero,024,Cualác,7874
12,Guerrero,025,Cuautepec,17024
12,Guerrero,026,Cuetzala del Progreso,8272
12,Guerrero,027,Cutzamala de Pinzón,20537
12,Guerrero,028,Chilapa de Álvarez,123722
12,Guerrero,029,Chilpancingo de los Bravo,283354
12,Guerrero,030,Florencio Villarreal,22250
12,Guerrero,031,General Canuto A. Neri,6278
12,Guerrero,032,General Heliodoro Castillo,37254
12,Guerrero,033,Huamuxtitlán,17488
12,Guerrero,034,Huitzuco de los Figueroa,36593
12,Guerrero,035,Iguala de la Independencia,154173
12,Guerrero,036,Igualapa,11739
12,Guerrero,037,Ixcateopan de Cuauhtémoc,6138
12,Guerrero,038,Zihuatanejo de Azueta,126001
12,Guerrero,039,Juan R. Escudero,26093
12,Guerrero,040,Leonardo Bravo,26357
12,Guerrero,041,Malinaltepec,29625
12,Guerrero,042,Mártir de Cuilapan,18613
12,Guerrero,043,Metlatónoc,18859
12,Guerrero,044,Mochitlán,12402
12,Guerrero,045,Olinalá,28446
12,Guerrero,046,Ometepec,68207
12,Guerrero,047,Pedro Ascencio Alquisiras,7076
12,Guerrero,048,Petatlán,44583
12,Guerrero,049,Pilcaya,12753
12,Guerrero,050,Pungarabato,38482
12,Guerrero,051,Quechultenango,36143
12,Guerrero,052,San Luis Acatlán,46270
12,Guerrero,053,San Marcos,50124
12,Guerrero,054,San Miguel Totolapan,24139
12,Guerrero,055,Taxco de Alarcón,105586
12,Guerrero,056,Tecoanapa,46063
12,Guerrero,057,Técpan de Galeana,65237
12,Guerrero,058,Teloloapan,53817
12,Guerrero,059,Tepecoacuilco de Trujano,30806
12,Guerrero,060,Tetipac,13552
12,Guerrero,061,Tixtla de Guerrero,43171
12,Guerrero,062,Tlacoachistlahuaca,22781
12,Guerrero,063,Tlacoapa,10092
12,Guerrero,064,Tlalchapa,11681
12,Guerrero,065,Tlalixtaquilla de Maldonado,7602
12,Guerrero,066,Tlapa de Comonfort,96125
12,Guerrero,067,Tlapehuala,22209
12,Guerrero,068,La Unión de Isidoro Montes de Oca,26349
12,Guerrero,069,Xalpatláhuac,11966
12,Guerrero,070,Xochihuehuetlán,7862
12,Guerrero,071,Xochistlahuaca,29891
12,Guerrero,072,Zapotitlán Tablas,12004
12,Guerrero,073,Zirándaro,18031
12,Guerrero,074,Zitlala,21977
12,Guerrero,075,Eduardo Neri,53126
12,Guerrero,076,Acatepec,40197
12,Guerrero,077,Marquelia,14280
12,Guerrero,078,Cochoapa el Grande,21241
12,Guerrero,079,José Joaquín de Herrera,18381
12,Guerrero,080,Juchitán,7559
12,Guerrero,081,Iliatenco,11679
11,Guanajuato,001,Abasolo,92040
11,Guanajuato,002,Acámbaro,108697
11,Guanajuato,003,San Miguel de Allende,174615
11,Guanajuato,004,Apaseo el Alto,63392
11,Guanajuato,005,Apaseo el Grande,117883
11,Guanajuato,006,Atarjea,5296
11,Guanajuato,007,Celaya,521169
11,Guanajuato,008,Manuel Doblado,41240
11,Guanajuato,009,Comonfort,82216
11,Guanajuato,010,Coroneo,11083
11,Guanajuato,011,Cortazar,97928
11,Guanajuato,012,Cuerámaro,30857
11,Guanajuato,013,Doctor Mora,27390
11,Guanajuato,014,Dolores Hidalgo Cuna de la Independencia Nacional,163038
11,Guanajuato,015,Guanajuato,194500
11,Guanajuato,016,Huanímaro,21128
11,Guanajuato,017,Irapuato,592953
11,Guanajuato,018,Jaral del Progreso,38782
11,Guanajuato,019,Jerécuaro,49517
11,Guanajuato,020,León,1721215
11,Guanajuato,021,Moroleón,47261
11,Guanajuato,022,Ocampo,26383
11,Guanajuato,023,Pénjamo,154960
11,Guanajuato,024,Pueblo Nuevo,12403
11,Guanajuato,025,Purísima del Rincón,83842
11,Guanajuato,026,Romita,65766
11,Guanajuato,027,Salamanca,273417
11,Guanajuato,028,Salvatierra,94126
11,Guanajuato,029,San Diego de la Unión,41054
11,Guanajuato,030,San Felipe,119793
11,Guanajuato,031,San Francisco del Rincón,130871
11,Guanajuato,032,San José Iturbide,89558
11,Guanajuato,033,San Luis de la Paz,128536
11,Guanajuato,034,Santa Catarina,5723
11,Guanajuato,035,Santa Cruz de Juventino Rosas,82340
11,Guanajuato,036,Santiago Maravatío,6714
11,Guanajuato,037,Silao de la Victoria,203556
11,Guanajuato,038,Tarandacuao,11304
11,Guanajuato,039,Tarimoro,35905
11,Guanajuato,040,Tierra Blanca,20007
11,Guanajuato,041,Uriangato,61494
11,Guanajuato,042,Valle de Santiago,150054
11,Guanajuato,043,Victoria,21253
11,Guanajuato,044,Villagrán,65791
11,Guanajuato,045,Xichú,11143
11,Guanajuato,046,Yuriria,68741
13,Hidalgo,001,Acatlán,22268
13,Hidalgo,002,Acaxochitlán,46065
13,Hidalgo,003,Actopan,61002
13,Hidalgo,004,Agua Blanca de Iturbide,10313
13,Hidalgo,005,Ajacuba,18872
13,Hidalgo,006,Alfajayucan,19162
13,Hidalgo,007,Almoloya,12546
13,Hidalgo,008,Apan,46681
13,Hidalgo,009,El Arenal,19836
13,Hidalgo,010,Atitalaquia,31525
13,Hidalgo,011,Atlapexco,19812
13,Hidalgo,012,Atotonilco el Grande,30135
13,Hidalgo,013,Atotonilco de Tula,62470
13,Hidalgo,014,Calnali,16150
13,Hidalgo,015,Cardonal,19431
13,Hidalgo,016,Cuautepec de Hinojosa,60421
13,Hidalgo,017,Chapantongo,12967
13,Hidalgo,018,Chapulhuacán,22903
13,Hidalgo,019,Chilcuautla,18909
13,Hidalgo,020,Eloxochitlán,2593
13,Hidalgo,021,Emiliano Zapata,15175
13,Hidalgo,022,Epazoyucan,16285
13,Hidalgo,023,Francisco I. Madero,36248
13,Hidalgo,024,Huasca de Ocampo,17607
13,Hidalgo,025,Huautla,20673
13,Hidalgo,026,Huazalingo,12766
13,Hidalgo,027,Huehuetla,22846
13,Hidalgo,028,Huejutla de Reyes,126781
13,Hidalgo,029,Huichapan,47425
13,Hidalgo,030,Ixmiquilpan,98654
13,Hidalgo,031,Jacala de Ledezma,12290
13,Hidalgo,032,Jaltocán,10523
13,Hidalgo,033,Juárez Hidalgo,2895
13,Hidalgo,034,Lolotla,9474
13,Hidalgo,035,Metepec,13078
13,Hidalgo,036,San Agustín Metzquititlán,9449
13,Hidalgo,037,Metztitlán,20962
13,Hidalgo,038,Mineral del Chico,8878
13,Hidalgo,039,Mineral del Monte,14324
13,Hidalgo,040,La Misión,9819
13,Hidalgo,041,Mixquiahuala de Juárez,47222
13,Hidalgo,042,Molango de Escamilla,11578
13,Hidalgo,043,Nicolás Flores,6265
13,Hidalgo,044,Nopala de Villagrán,16948
13,Hidalgo,045,Omitlán de Juárez,9295
13,Hidalgo,046,San Felipe Orizatlán,38492
13,Hidalgo,047,Pacula,4748
13,Hidalgo,048,Pachuca de Soto,314331
13,Hidalgo,049,Pisaflores,18723
13,Hidalgo,050,Progreso de Obregón,23641
13,Hidalgo,051,Mineral de la Reforma,202749
13,Hidalgo,052,San Agustín Tlaxiaca,38891
13,Hidalgo,053,San Bartolo Tutotepec,17699
13,Hidalgo,054,San Salvador,36796
13,Hidalgo,055,Santiago de Anaya,18329
13,Hidalgo,056,Santiago Tulantepec de Lugo Guerrero,39561
13,Hidalgo,057,Singuilucan,15142
13,Hidalgo,058,Tasquillo,17441
13,Hidalgo,059,Tecozautla,38010
13,Hidalgo,060,Tenango de Doria,17503
13,Hidalgo,061,Tepeapulco,56245
13,Hidalgo,062,Tepehuacán de Guerrero,31235
13,Hidalgo,063,Tepeji del Río de Ocampo,90546
13,Hidalgo,064,Tepetitlán,10830
13,Hidalgo,065,Tetepango,11768
13,Hidalgo,066,Villa de Tezontepec,13032
13,Hidalgo,067,Tezontepec de Aldama,55134
13,Hidalgo,068,Tianguistengo,14340
13,Hidalgo,069,Tizayuca,168302
13,Hidalgo,070,Tlahuelilpan,19067
13,Hidalgo,071,Tlahuiltepa,9086
13,Hidalgo,072,Tlanalapa,11113
13,Hidalgo,073,Tlanchinol,37722
13,Hidalgo,074,Tlaxcoapan,28626
13,Hidalgo,075,Tolcayuca,21362
13,Hidalgo,076,Tula de Allende,115107
13,Hidalgo,077,Tulancingo de Bravo,168369
13,Hidalgo,078,Xochiatipan,18260
13,Hidalgo,079,Xochicoatlán,7015
13,Hidalgo,080,Yahualica,24674
13,Hidalgo,081,Zacualtipán de Ángeles,38155
13,Hidalgo,082,Zapotlán de Juárez,21443
13,Hidalgo,083,Zempoala,57906
13,Hidalgo,084,Zimapán,39927
14,Jalisco,001,Acatic,23175
14,Jalisco,002,Acatlán de Juárez,25250
14,Jalisco,003,Ahualulco de Mercado,23630
14,Jalisco,004,Amacueca,5743
14,Jalisco,005,Amatitán,16490
14,Jalisco,006,Ameca,60386
14,Jalisco,007,San Juanito de Escobedo,9433
14,Jalisco,008,Arandas,80609
14,Jalisco,009,El Arenal,21115
14,Jalisco,010,Atemajac de Brizuela,7758
14,Jalisco,011,Atengo,5599
14,Jalisco,012,Atenguillo,4176
14,Jalisco,013,Atotonilco el Alto,64009
14,Jalisco,014,Atoyac,8689
14,Jalisco,015,Autlán de Navarro,64931
14,Jalisco,016,Ayotlán,41552
14,Jalisco,017,Ayutla,12880
14,Jalisco,018,La Barca,67937
14,Jalisco,019,Bolaños,7043
14,Jalisco,020,Cabo Corrientes,10940
14,Jalisco,021,Casimiro Castillo,20548
14,Jalisco,022,Cihuatlán,40139
14,Jalisco,023,Zapotlán el Grande,115141
14,Jalisco,024,Cocula,29267
14,Jalisco,025,Colotlán,19689
14,Jalisco,026,Concepción de Buenos Aires,6334
14,Jalisco,027,Cuautitlán de García Barragán,18370
14,Jalisco,028,Cuautla,2166
14,Jalisco,029,Cuquío,17820
14,Jalisco,030,Chapala,55196
14,Jalisco,031,Chimaltitán,3270
14,Jalisco,032,Chiquilistlán,5983
14,Jalisco,033,Degollado,21226
14,Jalisco,034,Ejutla,1981
14,Jalisco,035,Encarnación de Díaz,53039
14,Jalisco,036,Etzatlán,20011
14,Jalisco,037,El Grullo,25920
14,Jalisco,038,Guachinango,4199
14,Jalisco,039,Guadalajara,1385629
14,Jalisco,040,Hostotipaquillo,8732
14,Jalisco,041,Huejúcar,5920
14,Jalisco,042,Huejuquilla el Alto,10015
14,Jalisco,043,La Huerta,23258
14,Jalisco,044,Ixtlahuacán de los Membrillos,67969
14,Jalisco,045,Ixtlahuacán del Río,20465
14,Jalisco,046,Jalostotitlán,32678
14,Jalisco,047,Jamay,24894
14,Jalisco,048,Jesús María,18982
14,Jalisco,049,Jilotlán de los Dolores,9425
14,Jalisco,050,Jocotepec,47105
14,Jalisco,051,Juanacatlán,30855
14,Jalisco,052,Juchitlán,5534
14,Jalisco,053,Lagos de Moreno,172403
14,Jalisco,054,El Limón,5368
14,Jalisco,055,Magdalena,21781
14,Jalisco,056,Santa María del Oro,1815
14,Jalisco,057,La Manzanilla de la Paz,4099
14,Jalisco,058,Mascota,14451
14,Jalisco,059,Mazamitla,14043
14,Jalisco,060,Mexticacán,5307
14,Jalisco,061,Mezquitic,22083
14,Jalisco,062,Mixtlán,3638
14,Jalisco,063,Ocotlán,106050
14,Jalisco,064,Ojuelos de Jalisco,33588
14,Jalisco,065,Pihuamo,11386
14,Jalisco,066,Poncitlán,53659
14,Jalisco,067,Puerto Vallarta,291839
14,Jalisco,068,Villa Purificación,11303
14,Jalisco,069,Quitupan,7734
14,Jalisco,070,El Salto,232852
14,Jalisco,071,San Cristóbal de la Barranca,2924
14,Jalisco,072,San Diego de Alejandría,7609
14,Jalisco,073,San Juan de los Lagos,72230
14,Jalisco,074,San Julián,16792
14,Jalisco,075,San Marcos,3791
14,Jalisco,076,San Martín de Bolaños,3095
14,Jalisco,077,San Martín Hidalgo,28102
14,Jalisco,078,San Miguel el Alto,31965
14,Jalisco,079,Gómez Farías,16431
14,Jalisco,080,San Sebastián del Oeste,5086
14,Jalisco,081,Santa María de los Ángeles,3515
14,Jalisco,082,Sayula,37186
14,Jalisco,083,Tala,87690
14,Jalisco,084,Talpa de Allende,14997
14,Jalisco,085,Tamazula de Gordiano,38955
14,Jalisco,086,Tapalpa,21245
14,Jalisco,087,Tecalitlán,16705
14,Jalisco,088,Techaluta de Montenegro,4072
14,Jalisco,089,Tecolotlán,16603
14,Jalisco,090,Tenamaxtlán,7302
14,Jalisco,091,Teocaltiche,39839
14,Jalisco,092,Teocuitatlán de Corona,11039
14,Jalisco,093,Tepatitlán de Morelos,150190
14,Jalisco,094,Tequila,44353
14,Jalisco,095,Teuchitlán,9647
14,Jalisco,096,Tizapán el Alto,22758
14,Jalisco,097,Tlajomulco de Zúñiga,727750
14,Jalisco,098,San Pedro Tlaquepaque,687127
14,Jalisco,099,Tolimán,11219
14,Jalisco,100,Tomatlán,36316
14,Jalisco,101,Tonalá,569913
14,Jalisco,102,Tonaya,5961
14,Jalisco,103,Tonila,7565
14,Jalisco,104,Totatiche,4180
14,Jalisco,105,Tototlán,23573
14,Jalisco,106,Tuxcacuesco,5482
14,Jalisco,107,Tuxcueca,6702
14,Jalisco,108,Tuxpan,37518
14,Jalisco,109,Unión de San Antonio,19069
14,Jalisco,110,Unión de Tula,13799
14,Jalisco,111,Valle de Guadalupe,6627
14,Jalisco,112,Valle de Juárez,6151
14,Jalisco,113,San Gabriel,16548
14,Jalisco,114,Villa Corona,19063
14,Jalisco,115,Villa Guerrero,5525
14,Jalisco,116,Villa Hidalgo,20088
14,Jalisco,117,Cañadas de Obregón,4388
14,Jalisco,118,Yahualica de González Gallo,22394
14,Jalisco,119,Zacoalco de Torres,30472
14,Jalisco,120,Zapopan,1476491
14,Jalisco,121,Zapotiltic,33713
14,Jalisco,122,Zapotitlán de Vadillo,7466
14,Jalisco,123,Zapotlán del Rey,19279
14,Jalisco,124,Zapotlanejo,64806
14,Jalisco,125,San Ignacio Cerro Gordo,18341
15,Estado de México,001,Acambay de Ruíz Castañeda,67872
15,Estado de México,002,Acolman,171507
15,Estado de México,003,Aculco,49266
15,Estado de México,004,Almoloya de Alquisiras,15333
15,Estado de México,005,Almoloya de Juárez,174587
15,Estado de México,006,Almoloya del Río,12694
15,Estado de México,007,Amanalco,23675
15,Estado de México,008,Amatepec,25244
15,Estado de México,009,Amecameca,53441
15,Estado de México,010,Apaxco,31898
15,Estado de México,011,Atenco,75489
15,Estado de México,012,Atizapán,12984
15,Estado de México,013,Atizapán de Zaragoza,523674
15,Estado de México,014,Atlacomulco,109384
15,Estado de México,015,Atlautla,31900
15,Estado de México,016,Axapusco,29128
15,Estado de México,017,Ayapango,10053
15,Estado de México,018,Calimaya,68489
15,Estado de México,019,Capulhuac,36921
15,Estado de México,020,Coacalco de Berriozábal,293444
15,Estado de México,021,Coatepec Harinas,38643
15,Estado de México,022,Cocotitlán,15107
15,Estado de México,023,Coyotepec,40885
15,Estado de México,024,Cuautitlán,178847
15,Estado de México,025,Chalco,400057
15,Estado de México,026,Chapa de Mota,31737
15,Estado de México,027,Chapultepec,12772
15,Estado de México,028,Chiautla,30045
15,Estado de México,029,Chicoloapan,200750
15,Estado de México,030,Chiconcuac,27692
15,Estado de México,031,Chimalhuacán,705193
15,Estado de México,032,Donato Guerra,37436
15,Estado de México,033,Ecatepec de Morelos,1645352
15,Estado de México,034,Ecatzingo,10827
15,Estado de México,035,Huehuetoca,163244
15,Estado de México,036,Hueypoxtla,46757
15,Estado de México,037,Huixquilucan,284965
15,Estado de México,038,Isidro Fabela,11929
15,Estado de México,039,Ixtapaluca,542211
15,Estado de México,040,Ixtapan de la Sal,36911
15,Estado de México,041,Ixtapan del Oro,6475
15,Estado de México,042,Ixtlahuaca,160139
15,Estado de México,043,Xalatlaco,30687
15,Estado de México,044,Jaltenco,28217
15,Estado de México,045,Jilotepec,87671
15,Estado de México,046,Jilotzingo,19877
15,Estado de México,047,Jiquipilco,76826
15,Estado de México,048,Jocotitlán,69264
15,Estado de México,049,Joquicingo,15428
15,Estado de México,050,Juchitepec,27116
15,Estado de México,051,Lerma,170327
15,Estado de México,052,Malinalco,28155
15,Estado de México,053,Melchor Ocampo,61220
15,Estado de México,054,Metepec,242307
15,Estado de México,055,Mexicaltzingo,13807
15,Estado de México,056,Morelos,33164
15,Estado de México,057,Naucalpan de Juárez,834434
15,Estado de México,058,Nezahualcóyotl,1077208
15,Estado de México,059,Nextlalpan,57082
15,Estado de México,060,Nicolás Romero,430601
15,Estado de México,061,Nopaltepec,10351
15,Estado de México,062,Ocoyoacac,72103
15,Estado de México,063,Ocuilan,36223
15,Estado de México,064,El Oro,36937
15,Estado de México,065,Otumba,36331
15,Estado de México,066,Otzoloapan,4891
15,Estado de México,067,Otzolotepec,88783
15,Estado de México,068,Ozumba,30785
15,Estado de México,069,Papalotla,4862
15,Estado de México,070,La Paz,304088
15,Estado de México,071,Polotitlán,14985
15,Estado de México,072,Rayón,15972
15,Estado de México,073,San Antonio la Isla,31962
15,Estado de México,074,San Felipe del Progreso,144924
15,Estado de México,075,San Martín de las Pirámides,29182
15,Estado de México,076,San Mateo Atenco,97418
15,Estado de México,077,San Simón de Guerrero,6692
15,Estado de México,078,Santo Tomás,9729
15,Estado de México,079,Soyaniquilpan de Juárez,14323
15,Estado de México,080,Sultepec,24145
15,Estado de México,081,Tecámac,547503
15,Estado de México,082,Tejupilco,79282
15,Estado de México,083,Temamatla,14130
15,Estado de México,084,Temascalapa,43593
15,Estado de México,085,Temascalcingo,66414
15,Estado de México,086,Temascaltepec,35014
15,Estado de México,087,Temoaya,105766
15,Estado de México,088,Tenancingo,104677
15,Estado de México,089,Tenango del Aire,11359
15,Estado de México,090,Tenango del Valle,90518
15,Estado de México,091,Teoloyucan,65459
15,Estado de México,092,Teotihuacán,58507
15,Estado de México,093,Tepetlaoxtoc,32564
15,Estado de México,094,Tepetlixpa,20500
15,Estado de México,095,Tepotzotlán,103696
15,Estado de México,096,Tequixquiac,39489
15,Estado de México,097,Texcaltitlán,18482
15,Estado de México,098,Texcalyacac,5736
15,Estado de México,099,Texcoco,277562
15,Estado de México,100,Tezoyuca,47044
15,Estado de México,101,Tianguistenco,84259
15,Estado de México,102,Timilpan,16414
15,Estado de México,103,Tlalmanalco,49196
15,Estado de México,104,Tlalnepantla de Baz,672202
15,Estado de México,105,Tlatlaya,31762
15,Estado de México,106,Toluca,910608
15,Estado de México,107,Tonatico,12912
15,Estado de México,108,Tultepec,157645
15,Estado de México,109,Tultitlán,516341
15,Estado de México,110,Valle de Bravo,61590
15,Estado de México,111,Villa de Allende,53275
15,Estado de México,112,Villa del Carbón,51498
15,Estado de México,113,Villa Guerrero,69086
15,Estado de México,114,Villa Victoria,108196
15,Estado de México,115,Xonacatlán,54633
15,Estado de México,116,Zacazonapan,5109
15,Estado de México,117,Zacualpan,13522
15,Estado de México,118,Zinacantepec,203872
15,Estado de México,119,Zumpahuacán,18833
15,Estado de México,120,Zumpango,280455
15,Estado de México,121,Cuautitlán Izcalli,555163
15,Estado de México,122,Valle de Chalco Solidaridad,391731
15,Estado de México,123,Luvianos,28822
15,Estado de México,124,San José del Rincón,100082
15,Estado de México,125,Tonanitla,14883
16,Michoacán,001,Acuitzio,11301
16,Michoacán,002,Aguililla,14754
16,Michoacán,003,Álvaro Obregón,23000
16,Michoacán,004,Angamacutiro,14943
16,Michoacán,005,Angangueo,10892
16,Michoacán,006,Apatzingán,126191
16,Michoacán,007,Aporo,3529
16,Michoacán,008,Aquila,24676
16,Michoacán,009,Ario,36268
16,Michoacán,010,Arteaga,20332
16,Michoacán,011,Briseñas,11681
16,Michoacán,012,Buenavista,45538
16,Michoacán,013,Carácuaro,9176
16,Michoacán,014,Coahuayana,17022
16,Michoacán,015,Coalcomán de Vázquez Pallares,19633
16,Michoacán,016,Coeneo,20965
16,Michoacán,017,Contepec,35070
16,Michoacán,018,Copándaro,9484
16,Michoacán,019,Cotija,20198
16,Michoacán,020,Cuitzeo,29910
16,Michoacán,021,Charapan,13539
16,Michoacán,022,Charo,25138
16,Michoacán,023,Chavinda,10417
16,Michoacán,024,Cherán,20586
16,Michoacán,025,Chilchota,40560
16,Michoacán,026,Chinicuila,4773
16,Michoacán,027,Chucándiro,4944
16,Michoacán,028,Churintzio,5233
16,Michoacán,029,Churumuco,12342
16,Michoacán,030,Ecuandureo,11850
16,Michoacán,031,Epitacio Huerta,16112
16,Michoacán,032,Erongarícuaro,15715
16,Michoacán,033,Gabriel Zamora,21466
16,Michoacán,034,Hidalgo,125712
16,Michoacán,035,La Huacana,30627
16,Michoacán,036,Huandacareo,11644
16,Michoacán,037,Huaniqueo,7945
16,Michoacán,038,Huetamo,41973
16,Michoacán,039,Huiramba,9015
16,Michoacán,040,Indaparapeo,18385
16,Michoacán,041,Irimbo,16043
16,Michoacán,042,Ixtlán,14302
16,Michoacán,043,Jacona,68781
16,Michoacán,044,Jiménez,12946
16,Michoacán,045,Jiquilpan,36158
16,Michoacán,046,Juárez,14936
16,Michoacán,047,Jungapeo,19834
16,Michoacán,048,Lagunillas,5745
16,Michoacán,049,Madero,19086
16,Michoacán,050,Maravatío,89311
16,Michoacán,051,Marcos Castellanos,13983
16,Michoacán,052,Lázaro Cárdenas,196003
16,Michoacán,053,Morelia,849053
16,Michoacán,054,Morelos,7983
16,Michoacán,055,Múgica,45732
16,Michoacán,056,Nahuatzen,32598
16,Michoacán,057,Nocupétaro,8196
16,Michoacán,058,Nuevo Parangaricutiro,20981
16,Michoacán,059,Nuevo Urecho,9027
16,Michoacán,060,Numarán,9437
16,Michoacán,061,Ocampo,24774
16,Michoacán,062,Pajacuarán,21028
16,Michoacán,063,Panindícuaro,14889
16,Michoacán,064,Parácuaro,26832
16,Michoacán,065,Paracho,39657
16,Michoacán,066,Pátzcuaro,98382
16,Michoacán,067,Penjamillo,16621
16,Michoacán,068,Peribán,29389
16,Michoacán,069,La Piedad,106490
16,Michoacán,070,Purépero,15503
16,Michoacán,071,Puruándiro,69260
16,Michoacán,072,Queréndaro,13961
16,Michoacán,073,Quiroga,27176
16,Michoacán,074,Cojumatlán de Régules,10553
16,Michoacán,075,Los Reyes,78935
16,Michoacán,076,Sahuayo,78477
16,Michoacán,077,San Lucas,17677
16,Michoacán,078,Santa Ana Maya,12812
16,Michoacán,079,Salvador Escalante,49896
16,Michoacán,080,Senguio,19833
16,Michoacán,081,Susupuato,9076
16,Michoacán,082,Tacámbaro,79540
16,Michoacán,083,Tancítaro,33453
16,Michoacán,084,Tangamandapio,31716
16,Michoacán,085,Tangancícuaro,35256
16,Michoacán,086,Tanhuato,15534
16,Michoacán,087,Taretan,15589
16,Michoacán,088,Tarímbaro,114513
16,Michoacán,089,Tepalcatepec,24074
16,Michoacán,090,Tingambato,16325
16,Michoacán,091,Tingüindín,14934
16,Michoacán,092,Tiquicheo de Nicolás Romero,12836
16,Michoacán,093,Tlalpujahua,28556
16,Michoacán,094,Tlazazalca,6420
16,Michoacán,095,Tocumbo,12325
16,Michoacán,096,Tumbiscatío,5971
16,Michoacán,097,Turicato,29056
16,Michoacán,098,Tuxpan,25757
16,Michoacán,099,Tuzantla,14329
16,Michoacán,100,Tzintzuntzan,14911
16,Michoacán,101,Tzitzio,8855
16,Michoacán,102,Uruapan,356786
16,Michoacán,103,Venustiano Carranza,23469
16,Michoacán,104,Villamar,15864
16,Michoacán,105,Vista Hermosa,20982
16,Michoacán,106,Yurécuaro,32303
16,Michoacán,107,Zacapu,76829
16,Michoacán,108,Zamora,204860
16,Michoacán,109,Zináparo,3232
16,Michoacán,110,Zinapécuaro,49005
16,Michoacán,111,Ziracuaretiro,18402
16,Michoacán,112,Zitácuaro,157056
16,Michoacán,113,José Sixto Verduzco,26213
17,Morelos,001,Amacuzac,17598
17,Morelos,002,Atlatlahucan,25232
17,Morelos,003,Axochiapan,39174
17,Morelos,004,Ayala,89834
17,Morelos,005,Coatlán del Río,10520
17,Morelos,006,Cuautla,187118
17,Morelos,007,Cuernavaca,378476
17,Morelos,008,Emiliano Zapata,107053
17,Morelos,009,Huitzilac,24515
17,Morelos,010,Jantetelco,18402
17,Morelos,011,Jiutepec,215357
17,Morelos,012,Jojutla,57682
17,Morelos,013,Jonacatepec de Leandro Valle,16694
17,Morelos,014,Mazatepec,9653
17,Morelos,015,Miacatlán,15802
17,Morelos,016,Ocuituco,19219
17,Morelos,017,Puente de Ixtla,40018
17,Morelos,018,Temixco,122263
17,Morelos,019,Tepalcingo,28122
17,Morelos,020,Tepoztlán,54987
17,Morelos,021,Tetecala,7617
17,Morelos,022,Tetela del Volcán,14853
17,Morelos,023,Tlalnepantla,7943
17,Morelos,024,Tlaltizapán de Zapata,52399
17,Morelos,025,Tlaquiltenango,33789
17,Morelos,026,Tlayacapan,19408
17,Morelos,027,Totolapan,12750
17,Morelos,028,Xochitepec,73539
17,Morelos,029,Yautepec,105780
17,Morelos,030,Yecapixtla,56083
17,Morelos,031,Zacatepec,36094
17,Morelos,032,Zacualpan de Amilpas,9965
17,Morelos,033,Temoac,16574
17,Morelos,034,Coatetelco,11347
17,Morelos,035,Xoxocotla,27805
17,Morelos,036,Hueyapan,7855
18,Nayarit,001,Acaponeta,37232
18,Nayarit,002,Ahuacatlán,15393
18,Nayarit,003,Amatlán de Cañas,11536
18,Nayarit,004,Compostela,77436
18,Nayarit,005,Huajicori,12230
18,Nayarit,006,Ixtlán del Río,29299
18,Nayarit,007,Jala,19321
18,Nayarit,008,Xalisco,65229
18,Nayarit,009,Del Nayar,47550
18,Nayarit,010,Rosamorada,33567
18,Nayarit,011,Ruíz,24096
18,Nayarit,012,San Blas,41518
18,Nayarit,013,San Pedro Lagunillas,7683
18,Nayarit,014,Santa María del Oro,24911
18,Nayarit,015,Santiago Ixcuintla,93981
18,Nayarit,016,Tecuala,37135
18,Nayarit,017,Tepic,425924
18,Nayarit,018,Tuxpan,30064
18,Nayarit,019,La Yesca,13719
18,Nayarit,020,Bahía de Banderas,187632
19,Nuevo León,001,Abasolo,2974
19,Nuevo León,002,Agualeguas,3382
19,Nuevo León,003,Los Aldamas,1407
19,Nuevo León,004,Allende,35289
19,Nuevo León,005,Anáhuac,18030
19,Nuevo León,006,Apodaca,656464
19,Nuevo León,007,Aramberri,14992
19,Nuevo León,008,Bustamante,3661
19,Nuevo León,009,Cadereyta Jiménez,122337
19,Nuevo León,010,El Carmen,104478
19,Nuevo León,011,Cerralvo,7340
19,Nuevo León,012,Ciénega de Flores,68747
19,Nuevo León,013,China,9930
19,Nuevo León,014,Doctor Arroyo,36088
19,Nuevo León,015,Doctor Coss,1360
19,Nuevo León,016,Doctor González,3256
19,Nuevo León,017,Galeana,40903
19,Nuevo León,018,García,397205
19,Nuevo León,019,San Pedro Garza García,132169
19,Nuevo León,020,General Bravo,5506
19,Nuevo León,021,General Escobedo,481213
19,Nuevo León,022,General Terán,14109
19,Nuevo León,023,General Treviño,1808
19,Nuevo León,024,General Zaragoza,6282
19,Nuevo León,025,General Zuazua,102149
19,Nuevo León,026,Guadalupe,643143
19,Nuevo León,027,Los Herreras,1959
19,Nuevo León,028,Higueras,1386
19,Nuevo León,029,Hualahuises,7026
19,Nuevo León,030,Iturbide,3298
19,Nuevo León,031,Juárez,471523
19,Nuevo León,032,Lampazos de Naranjo,5351
19,Nuevo León,033,Linares,84666
19,Nuevo León,034,Marín,5119
19,Nuevo León,035,Melchor Ocampo,1483
19,Nuevo León,036,Mier y Noriega,7652
19,Nuevo León,037,Mina,6048
19,Nuevo León,038,Montemorelos,67428
19,Nuevo León,039,Monterrey,1142994
19,Nuevo León,040,Parás,906
19,Nuevo León,041,Pesquería,147624
19,Nuevo León,042,Los Ramones,5389
19,Nuevo León,043,Rayones,2377
19,Nuevo León,044,Sabinas Hidalgo,34709
19,Nuevo León,045,Salinas Victoria,86766
19,Nuevo León,046,San Nicolás de los Garza,412199
19,Nuevo León,047,Hidalgo,16086
19,Nuevo León,048,Santa Catarina,306322
19,Nuevo León,049,Santiago,46784
19,Nuevo León,050,Vallecillo,1552
19,Nuevo León,051,Villaldama,3573
20,Oaxaca,001,Abejones,841
20,Oaxaca,002,Acatlán de Pérez Figueroa,45167
20,Oaxaca,003,Asunción Cacalotepec,2547
20,Oaxaca,004,Asunción Cuyotepeji,1107
20,Oaxaca,005,Asunción Ixtaltepec,15261
20,Oaxaca,006,Asunción Nochixtlán,20464
20,Oaxaca,007,Asunción Ocotlán,2395
20,Oaxaca,008,Asunción Tlacolulita,734
20,Oaxaca,009,Ayotzintepec,6857
20,Oaxaca,010,El Barrio de la Soledad,13474
20,Oaxaca,011,Calihualá,1402
20,Oaxaca,012,Candelaria Loxicha,11166
20,Oaxaca,013,Ciénega de Zimatlán,3043
20,Oaxaca,014,Ciudad Ixtepec,28082
20,Oaxaca,015,Coatecas Altas,5356
20,Oaxaca,016,Coicoyán de las Flores,9563
20,Oaxaca,017,La Compañía,3607
20,Oaxaca,018,Concepción Buenavista,752
20,Oaxaca,019,Concepción Pápalo,2754
20,Oaxaca,020,Constancia del Rosario,4847
20,Oaxaca,021,Cosolapa,14488
20,Oaxaca,022,Cosoltepec,803
20,Oaxaca,023,Cuilápam de Guerrero,26882
20,Oaxaca,024,Cuyamecalco Villa de Zaragoza,3644
20,Oaxaca,025,Chahuites,11356
20,Oaxaca,026,Chalcatongo de Hidalgo,9035
20,Oaxaca,027,Chiquihuitlán de Benito Juárez,2179
20,Oaxaca,028,Heroica Ciudad de Ejutla de Crespo,23148
20,Oaxaca,029,Eloxochitlán de Flores Magón,4215
20,Oaxaca,030,El Espinal,8730
20,Oaxaca,031,Tamazulápam del Espíritu Santo,7185
20,Oaxaca,032,Fresnillo de Trujano,1077
20,Oaxaca,033,Guadalupe Etla,2929
20,Oaxaca,034,Guadalupe de Ramírez,1288
20,Oaxaca,035,Guelatao de Juárez,657
20,Oaxaca,036,Guevea de Humboldt,5256
20,Oaxaca,037,Mesones Hidalgo,4424
20,Oaxaca,038,Villa Hidalgo,1885
20,Oaxaca,039,Heroica Ciudad de Huajuapan de León,78313
20,Oaxaca,040,Huautepec,6385
20,Oaxaca,041,Huautla de Jiménez,31710
20,Oaxaca,042,Ixtlán de Juárez,8385
20,Oaxaca,043,Juchitán de Zaragoza,113570
20,Oaxaca,044,Loma Bonita,40934
20,Oaxaca,045,Magdalena Apasco,7888
20,Oaxaca,046,Magdalena Jaltepec,2943
20,Oaxaca,047,Santa Magdalena Jicotlán,81
20,Oaxaca,048,Magdalena Mixtepec,1433
20,Oaxaca,049,Magdalena Ocotlán,1184
20,Oaxaca,050,Magdalena Peñasco,3750
20,Oaxaca,051,Magdalena Teitipac,4764
20,Oaxaca,052,Magdalena Tequisistlán,5996
20,Oaxaca,053,Magdalena Tlacotepec,1297
20,Oaxaca,054,Magdalena Zahuatlán,404
20,Oaxaca,055,Mariscala de Juárez,3739
20,Oaxaca,056,Mártires de Tacubaya,1446
20,Oaxaca,057,Matías Romero Avendaño,38183
20,Oaxaca,058,Mazatlán Villa de Flores,12722
20,Oaxaca,059,Miahuatlán de Porfirio Díaz,50375
20,Oaxaca,060,Mixistlán de la Reforma,2487
20,Oaxaca,061,Monjas,2893
20,Oaxaca,062,Natividad,498
20,Oaxaca,063,Nazareno Etla,4293
20,Oaxaca,064,Nejapa de Madero,8494
20,Oaxaca,065,Ixpantepec Nieves,1079
20,Oaxaca,066,Santiago Niltepec,5342
20,Oaxaca,067,Oaxaca de Juárez,270955
20,Oaxaca,068,Ocotlán de Morelos,23751
20,Oaxaca,069,La Pe,3052
20,Oaxaca,070,Pinotepa de Don Luis,6416
20,Oaxaca,071,Pluma Hidalgo,3255
20,Oaxaca,072,San José del Progreso,8059
20,Oaxaca,073,Putla Villa de Guerrero,34652
20,Oaxaca,074,Santa Catarina Quioquitani,456
20,Oaxaca,075,Reforma de Pineda,2660
20,Oaxaca,076,La Reforma,3411
20,Oaxaca,077,Reyes Etla,4370
20,Oaxaca,078,Rojas de Cuauhtémoc,1301
20,Oaxaca,079,Salina Cruz,84438
20,Oaxaca,080,San Agustín Amatengo,1593
20,Oaxaca,081,San Agustín Atenango,1871
20,Oaxaca,082,San Agustín Chayuco,4163
20,Oaxaca,083,San Agustín de las Juntas,11391
20,Oaxaca,084,San Agustín Etla,4168
20,Oaxaca,085,San Agustín Loxicha,26194
20,Oaxaca,086,San Agustín Tlacotepec,1032
20,Oaxaca,087,San Agustín Yatareni,5521
20,Oaxaca,088,San Andrés Cabecera Nueva,2881
20,Oaxaca,089,San Andrés Dinicuiti,2308
20,Oaxaca,090,San Andrés Huaxpaltepec,6234
20,Oaxaca,091,San Andrés Huayápam,6279
20,Oaxaca,092,San Andrés Ixtlahuaca,1776
20,Oaxaca,093,San Andrés Lagunas,518
20,Oaxaca,094,San Andrés Nuxiño,1850
20,Oaxaca,095,San Andrés Paxtlán,4562
20,Oaxaca,096,San Andrés Sinaxtla,756
20,Oaxaca,097,San Andrés Solaga,1771
20,Oaxaca,098,San Andrés Teotilálpam,4233
20,Oaxaca,099,San Andrés Tepetlapa,381
20,Oaxaca,100,San Andrés Yaá,393
20,Oaxaca,101,San Andrés Zabache,748
20,Oaxaca,102,San Andrés Zautla,5326
20,Oaxaca,103,San Antonino Castillo Velasco,6064
20,Oaxaca,104,San Antonino el Alto,2705
20,Oaxaca,105,San Antonino Monte Verde,7678
20,Oaxaca,106,San Antonio Acutla,249
20,Oaxaca,107,San Antonio de la Cal,26282
20,Oaxaca,108,San Antonio Huitepec,2936
20,Oaxaca,109,San Antonio Nanahuatípam,1232
20,Oaxaca,110,San Antonio Sinicahua,1668
20,Oaxaca,111,San Antonio Tepetlapa,4873
20,Oaxaca,112,San Baltazar Chichicápam,2576
20,Oaxaca,113,San Baltazar Loxicha,3169
20,Oaxaca,114,San Baltazar Yatzachi el Bajo,674
20,Oaxaca,115,San Bartolo Coyotepec,10391
20,Oaxaca,116,San Bartolomé Ayautla,4131
20,Oaxaca,117,San Bartolomé Loxicha,2213
20,Oaxaca,118,San Bartolomé Quialana,2389
20,Oaxaca,119,San Bartolomé Yucuañe,735
20,Oaxaca,120,San Bartolomé Zoogocho,449
20,Oaxaca,121,San Bartolo Soyaltepec,596
20,Oaxaca,122,San Bartolo Yautepec,653
20,Oaxaca,123,San Bernardo Mixtepec,2829
20,Oaxaca,124,San Blas Atempa,19696
20,Oaxaca,125,San Carlos Yautepec,11662
20,Oaxaca,126,San Cristóbal Amatlán,5396
20,Oaxaca,127,San Cristóbal Amoltepec,1252
20,Oaxaca,128,San Cristóbal Lachirioag,1342
20,Oaxaca,129,San Cristóbal Suchixtlahuaca,356
20,Oaxaca,130,San Dionisio del Mar,5180
20,Oaxaca,131,San Dionisio Ocotepec,11411
20,Oaxaca,132,San Dionisio Ocotlán,1380
20,Oaxaca,133,San Esteban Atatlahuca,3934
20,Oaxaca,134,San Felipe Jalapa de Díaz,28500
20,Oaxaca,135,San Felipe Tejalápam,8231
20,Oaxaca,136,San Felipe Usila,12191
20,Oaxaca,137,San Francisco Cahuacuá,3450
20,Oaxaca,138,San Francisco Cajonos,451
20,Oaxaca,139,San Francisco Chapulapa,2195
20,Oaxaca,140,San Francisco Chindúa,812
20,Oaxaca,141,San Francisco del Mar,8710
20,Oaxaca,142,San Francisco Huehuetlán,842
20,Oaxaca,143,San Francisco Ixhuatán,9461
20,Oaxaca,144,San Francisco Jaltepetongo,1075
20,Oaxaca,145,San Francisco Lachigoló,5215
20,Oaxaca,146,San Francisco Logueche,2803
20,Oaxaca,147,San Francisco Nuxaño,376
20,Oaxaca,148,San Francisco Ozolotepec,2182
20,Oaxaca,149,San Francisco Sola,2019
20,Oaxaca,150,San Francisco Telixtlahuaca,13856
20,Oaxaca,151,San Francisco Teopan,312
20,Oaxaca,152,San Francisco Tlapancingo,2472
20,Oaxaca,153,San Gabriel Mixtepec,4910
20,Oaxaca,154,San Ildefonso Amatlán,2329
20,Oaxaca,155,San Ildefonso Sola,1060
20,Oaxaca,156,San Ildefonso Villa Alta,3677
20,Oaxaca,157,San Jacinto Amilpas,16827
20,Oaxaca,158,San Jacinto Tlacotepec,2233
20,Oaxaca,159,San Jerónimo Coatlán,5537
20,Oaxaca,160,San Jerónimo Silacayoapilla,1429
20,Oaxaca,161,San Jerónimo Sosola,2730
20,Oaxaca,162,San Jerónimo Taviche,2046
20,Oaxaca,163,San Jerónimo Tecóatl,1577
20,Oaxaca,164,San Jorge Nuchita,2881
20,Oaxaca,165,San José Ayuquila,1629
20,Oaxaca,166,San José Chiltepec,11310
20,Oaxaca,167,San José del Peñasco,2149
20,Oaxaca,168,San José Estancia Grande,938
20,Oaxaca,169,San José Independencia,4251
20,Oaxaca,170,San José Lachiguiri,3700
20,Oaxaca,171,San José Tenango,18102
20,Oaxaca,172,San Juan Achiutla,408
20,Oaxaca,173,San Juan Atepec,1457
20,Oaxaca,174,Ánimas Trujano,4564
20,Oaxaca,175,San Juan Bautista Atatlahuca,1424
20,Oaxaca,176,San Juan Bautista Coixtlahuaca,2725
20,Oaxaca,177,San Juan Bautista Cuicatlán,10365
20,Oaxaca,178,San Juan Bautista Guelache,6692
20,Oaxaca,179,San Juan Bautista Jayacatlán,1447
20,Oaxaca,180,San Juan Bautista Lo de Soto,2344
20,Oaxaca,181,San Juan Bautista Suchitepec,453
20,Oaxaca,182,San Juan Bautista Tlacoatzintepec,2181
20,Oaxaca,183,San Juan Bautista Tlachichilco,1475
20,Oaxaca,184,San Juan Bautista Tuxtepec,159452
20,Oaxaca,185,San Juan Cacahuatepec,8939
20,Oaxaca,186,San Juan Cieneguilla,524
20,Oaxaca,187,San Juan Coatzóspam,1808
20,Oaxaca,188,San Juan Colorado,9609
20,Oaxaca,189,San Juan Comaltepec,3116
20,Oaxaca,190,San Juan Cotzocón,22444
20,Oaxaca,191,San Juan Chicomezúchil,296
20,Oaxaca,192,San Juan Chilateca,1522
20,Oaxaca,193,San Juan del Estado,2807
20,Oaxaca,194,San Juan del Río,1372
20,Oaxaca,195,San Juan Diuxi,1056
20,Oaxaca,196,San Juan Evangelista Analco,407
20,Oaxaca,197,San Juan Guelavía,3288
20,Oaxaca,198,San Juan Guichicovi,29802
20,Oaxaca,199,San Juan Ihualtepec,494
20,Oaxaca,200,San Juan Juquila Mixes,3703
20,Oaxaca,201,San Juan Juquila Vijanos,1880
20,Oaxaca,202,San Juan Lachao,4577
20,Oaxaca,203,San Juan Lachigalla,3538
20,Oaxaca,204,San Juan Lajarcia,634
20,Oaxaca,205,San Juan Lalana,16989
20,Oaxaca,206,San Juan de los Cués,2421
20,Oaxaca,207,San Juan Mazatlán,19032
20,Oaxaca,208,San Juan Mixtepec,6941
20,Oaxaca,209,San Juan Mixtepec.,607
20,Oaxaca,210,San Juan Ñumí,5773
20,Oaxaca,211,San Juan Ozolotepec,3411
20,Oaxaca,212,San Juan Petlapa,3117
20,Oaxaca,213,San Juan Quiahije,4203
20,Oaxaca,214,San Juan Quiotepec,2033
20,Oaxaca,215,San Juan Sayultepec,879
20,Oaxaca,216,San Juan Tabaá,1241
20,Oaxaca,217,San Juan Tamazola,3325
20,Oaxaca,218,San Juan Teita,544
20,Oaxaca,219,San Juan Teitipac,2668
20,Oaxaca,220,San Juan Tepeuxila,2692
20,Oaxaca,221,San Juan Teposcolula,1494
20,Oaxaca,222,San Juan Yaeé,1426
20,Oaxaca,223,San Juan Yatzona,440
20,Oaxaca,224,San Juan Yucuita,643
20,Oaxaca,225,San Lorenzo,5903
20,Oaxaca,226,San Lorenzo Albarradas,2971
20,Oaxaca,227,San Lorenzo Cacaotepec,18339
20,Oaxaca,228,San Lorenzo Cuaunecuiltitla,833
20,Oaxaca,229,San Lorenzo Texmelúcan,9148
20,Oaxaca,230,San Lorenzo Victoria,932
20,Oaxaca,231,San Lucas Camotlán,3187
20,Oaxaca,232,San Lucas Ojitlán,22185
20,Oaxaca,233,San Lucas Quiaviní,1720
20,Oaxaca,234,San Lucas Zoquiápam,7163
20,Oaxaca,235,San Luis Amatlán,3829
20,Oaxaca,236,San Marcial Ozolotepec,1372
20,Oaxaca,237,San Marcos Arteaga,1568
20,Oaxaca,238,San Martín de los Cansecos,994
20,Oaxaca,239,San Martín Huamelúlpam,1000
20,Oaxaca,240,San Martín Itunyoso,2749
20,Oaxaca,241,San Martín Lachilá,1034
20,Oaxaca,242,San Martín Peras,12436
20,Oaxaca,243,San Martín Tilcajete,1975
20,Oaxaca,244,San Martín Toxpalan,3934
20,Oaxaca,245,San Martín Zacatepec,1324
20,Oaxaca,246,San Mateo Cajonos,611
20,Oaxaca,247,Capulálpam de Méndez,1619
20,Oaxaca,248,San Mateo del Mar,15571
20,Oaxaca,249,San Mateo Yoloxochitlán,3831
20,Oaxaca,250,San Mateo Etlatongo,1239
20,Oaxaca,251,San Mateo Nejápam,1217
20,Oaxaca,252,San Mateo Peñasco,2384
20,Oaxaca,253,San Mateo Piñas,2021
20,Oaxaca,254,San Mateo Río Hondo,3207
20,Oaxaca,255,San Mateo Sindihui,1977
20,Oaxaca,256,San Mateo Tlapiltepec,229
20,Oaxaca,257,San Melchor Betaza,1052
20,Oaxaca,258,San Miguel Achiutla,698
20,Oaxaca,259,San Miguel Ahuehuetitlán,2142
20,Oaxaca,260,San Miguel Aloápam,2191
20,Oaxaca,261,San Miguel Amatitlán,6932
20,Oaxaca,262,San Miguel Amatlán,991
20,Oaxaca,263,San Miguel Coatlán,3184
20,Oaxaca,264,San Miguel Chicahua,2169
20,Oaxaca,265,San Miguel Chimalapa,6711
20,Oaxaca,266,San Miguel del Puerto,8551
20,Oaxaca,267,San Miguel del Río,245
20,Oaxaca,268,San Miguel Ejutla,1149
20,Oaxaca,269,San Miguel el Grande,4313
20,Oaxaca,270,San Miguel Huautla,1311
20,Oaxaca,271,San Miguel Mixtepec,3194
20,Oaxaca,272,San Miguel Panixtlahuaca,6252
20,Oaxaca,273,San Miguel Peras,3818
20,Oaxaca,274,San Miguel Piedras,1328
20,Oaxaca,275,San Miguel Quetzaltepec,7286
20,Oaxaca,276,San Miguel Santa Flor,691
20,Oaxaca,277,Villa Sola de Vega,12350
20,Oaxaca,278,San Miguel Soyaltepec,38682
20,Oaxaca,279,San Miguel Suchixtepec,2932
20,Oaxaca,280,Villa Talea de Castro,2011
20,Oaxaca,281,San Miguel Tecomatlán,305
20,Oaxaca,282,San Miguel Tenango,653
20,Oaxaca,283,San Miguel Tequixtepec,1044
20,Oaxaca,284,San Miguel Tilquiápam,3141
20,Oaxaca,285,San Miguel Tlacamama,3668
20,Oaxaca,286,San Miguel Tlacotepec,3100
20,Oaxaca,287,San Miguel Tulancingo,307
20,Oaxaca,288,San Miguel Yotao,585
20,Oaxaca,289,San Nicolás,1214
20,Oaxaca,290,San Nicolás Hidalgo,1043
20,Oaxaca,291,San Pablo Coatlán,4308
20,Oaxaca,292,San Pablo Cuatro Venados,1510
20,Oaxaca,293,San Pablo Etla,17116
20,Oaxaca,294,San Pablo Huitzo,7035
20,Oaxaca,295,San Pablo Huixtepec,10020
20,Oaxaca,296,San Pablo Macuiltianguis,955
20,Oaxaca,297,San Pablo Tijaltepec,2751
20,Oaxaca,298,San Pablo Villa de Mitla,13587
20,Oaxaca,299,San Pablo Yaganiza,1125
20,Oaxaca,300,San Pedro Amuzgos,6632
20,Oaxaca,301,San Pedro Apóstol,1594
20,Oaxaca,302,San Pedro Atoyac,4559
20,Oaxaca,303,San Pedro Cajonos,1081
20,Oaxaca,304,San Pedro Coxcaltepec Cántaros,716
20,Oaxaca,305,San Pedro Comitancillo,4333
20,Oaxaca,306,San Pedro el Alto,4654
20,Oaxaca,307,San Pedro Huamelula,9735
20,Oaxaca,308,San Pedro Huilotepec,3307
20,Oaxaca,309,San Pedro Ixcatlán,10368
20,Oaxaca,310,San Pedro Ixtlahuaca,14552
20,Oaxaca,311,San Pedro Jaltepetongo,483
20,Oaxaca,312,San Pedro Jicayán,11279
20,Oaxaca,313,San Pedro Jocotipac,730
20,Oaxaca,314,San Pedro Juchatengo,1755
20,Oaxaca,315,San Pedro Mártir,1899
20,Oaxaca,316,San Pedro Mártir Quiechapa,738
20,Oaxaca,317,San Pedro Mártir Yucuxaco,1257
20,Oaxaca,318,San Pedro Mixtepec,49780
20,Oaxaca,319,San Pedro Mixtepec,972
20,Oaxaca,320,San Pedro Molinos,706
20,Oaxaca,321,San Pedro Nopala,751
20,Oaxaca,322,San Pedro Ocopetatillo,786
20,Oaxaca,323,San Pedro Ocotepec,2404
20,Oaxaca,324,San Pedro Pochutla,48204
20,Oaxaca,325,San Pedro Quiatoni,11930
20,Oaxaca,326,San Pedro Sochiápam,5052
20,Oaxaca,327,San Pedro Tapanatepec,15479
20,Oaxaca,328,San Pedro Taviche,1441
20,Oaxaca,329,San Pedro Teozacoalco,1153
20,Oaxaca,330,San Pedro Teutila,4296
20,Oaxaca,331,San Pedro Tidaá,982
20,Oaxaca,332,San Pedro Topiltepec,373
20,Oaxaca,333,San Pedro Totolápam,3294
20,Oaxaca,334,Villa de Tututepec,50541
20,Oaxaca,335,San Pedro Yaneri,867
20,Oaxaca,336,San Pedro Yólox,1697
20,Oaxaca,337,San Pedro y San Pablo Ayutla,5616
20,Oaxaca,338,Villa de Etla,10361
20,Oaxaca,339,San Pedro y San Pablo Teposcolula,4353
20,Oaxaca,340,San Pedro y San Pablo Tequixtepec,1747
20,Oaxaca,341,San Pedro Yucunama,241
20,Oaxaca,342,San Raymundo Jalpan,4105
20,Oaxaca,343,San Sebastián Abasolo,1999
20,Oaxaca,344,San Sebastián Coatlán,2809
20,Oaxaca,345,San Sebastián Ixcapa,4188
20,Oaxaca,346,San Sebastián Nicananduta,1542
20,Oaxaca,347,San Sebastián Río Hondo,4202
20,Oaxaca,348,San Sebastián Tecomaxtlahuaca,8192
20,Oaxaca,349,San Sebastián Teitipac,2189
20,Oaxaca,350,San Sebastián Tutla,16878
20,Oaxaca,351,San Simón Almolongas,2802
20,Oaxaca,352,San Simón Zahuatlán,4940
20,Oaxaca,353,Santa Ana,2406
20,Oaxaca,354,Santa Ana Ateixtlahuaca,477
20,Oaxaca,355,Santa Ana Cuauhtémoc,681
20,Oaxaca,356,Santa Ana del Valle,2179
20,Oaxaca,357,Santa Ana Tavela,848
20,Oaxaca,358,Santa Ana Tlapacoyan,1958
20,Oaxaca,359,Santa Ana Yareni,637
20,Oaxaca,360,Santa Ana Zegache,3981
20,Oaxaca,361,Santa Catalina Quierí,825
20,Oaxaca,362,Santa Catarina Cuixtla,1495
20,Oaxaca,363,Santa Catarina Ixtepeji,2675
20,Oaxaca,364,Santa Catarina Juquila,18654
20,Oaxaca,365,Santa Catarina Lachatao,1059
20,Oaxaca,366,Santa Catarina Loxicha,3676
20,Oaxaca,367,Santa Catarina Mechoacán,4582
20,Oaxaca,368,Santa Catarina Minas,2067
20,Oaxaca,369,Santa Catarina Quiané,2193
20,Oaxaca,370,Santa Catarina Tayata,662
20,Oaxaca,371,Santa Catarina Ticuá,986
20,Oaxaca,372,Santa Catarina Yosonotú,1316
20,Oaxaca,373,Santa Catarina Zapoquila,403
20,Oaxaca,374,Santa Cruz Acatepec,1645
20,Oaxaca,375,Santa Cruz Amilpas,13200
20,Oaxaca,376,Santa Cruz de Bravo,365
20,Oaxaca,377,Santa Cruz Itundujia,10860
20,Oaxaca,378,Santa Cruz Mixtepec,3720
20,Oaxaca,379,Santa Cruz Nundaco,2951
20,Oaxaca,380,Santa Cruz Papalutla,2242
20,Oaxaca,381,Santa Cruz Tacache de Mina,2940
20,Oaxaca,382,Santa Cruz Tacahua,1182
20,Oaxaca,383,Santa Cruz Tayata,595
20,Oaxaca,384,Santa Cruz Xitla,4794
20,Oaxaca,385,Santa Cruz Xoxocotlán,100402
20,Oaxaca,386,Santa Cruz Zenzontepec,19079
20,Oaxaca,387,Santa Gertrudis,2891
20,Oaxaca,388,Santa Inés del Monte,2809
20,Oaxaca,389,Santa Inés Yatzeche,908
20,Oaxaca,390,Santa Lucía del Camino,50362
20,Oaxaca,391,Santa Lucía Miahuatlán,3375
20,Oaxaca,392,Santa Lucía Monteverde,6726
20,Oaxaca,393,Santa Lucía Ocotlán,4173
20,Oaxaca,394,Santa María Alotepec,2796
20,Oaxaca,395,Santa María Apazco,1629
20,Oaxaca,396,Santa María la Asunción,3259
20,Oaxaca,397,Heroica Ciudad de Tlaxiaco,40123
20,Oaxaca,398,Ayoquezco de Aldama,4874
20,Oaxaca,399,Santa María Atzompa,41921
20,Oaxaca,400,Santa María Camotlán,1713
20,Oaxaca,401,Santa María Colotepec,27046
20,Oaxaca,402,Santa María Cortijo,1067
20,Oaxaca,403,Santa María Coyotepec,3751
20,Oaxaca,404,Santa María Chachoápam,761
20,Oaxaca,405,Villa de Chilapa de Díaz,1815
20,Oaxaca,406,Santa María Chilchotla,21469
20,Oaxaca,407,Santa María Chimalapa,9578
20,Oaxaca,408,Santa María del Rosario,499
20,Oaxaca,409,Santa María del Tule,8939
20,Oaxaca,410,Santa María Ecatepec,3418
20,Oaxaca,411,Santa María Guelacé,908
20,Oaxaca,412,Santa María Guienagati,3178
20,Oaxaca,413,Santa María Huatulco,50862
20,Oaxaca,414,Santa María Huazolotitlán,11995
20,Oaxaca,415,Santa María Ipalapa,4878
20,Oaxaca,416,Santa María Ixcatlán,461
20,Oaxaca,417,Santa María Jacatepec,9682
20,Oaxaca,418,Santa María Jalapa del Marqués,11735
20,Oaxaca,419,Santa María Jaltianguis,592
20,Oaxaca,420,Santa María Lachixío,1679
20,Oaxaca,421,Santa María Mixtequilla,4690
20,Oaxaca,422,Santa María Nativitas,603
20,Oaxaca,423,Santa María Nduayaco,453
20,Oaxaca,424,Santa María Ozolotepec,3793
20,Oaxaca,425,Santa María Pápalo,2058
20,Oaxaca,426,Santa María Peñoles,8967
20,Oaxaca,427,Santa María Petapa,16706
20,Oaxaca,428,Santa María Quiegolani,2224
20,Oaxaca,429,Santa María Sola,1516
20,Oaxaca,430,Santa María Tataltepec,317
20,Oaxaca,431,Santa María Tecomavaca,1830
20,Oaxaca,432,Santa María Temaxcalapa,903
20,Oaxaca,433,Santa María Temaxcaltepec,2694
20,Oaxaca,434,Santa María Teopoxco,3985
20,Oaxaca,435,Santa María Tepantlali,3576
20,Oaxaca,436,Santa María Texcatitlán,896
20,Oaxaca,437,Santa María Tlahuitoltepec,9653
20,Oaxaca,438,Santa María Tlalixtac,1839
20,Oaxaca,439,Santa María Tonameca,25347
20,Oaxaca,440,Santa María Totolapilla,812
20,Oaxaca,441,Santa María Xadani,9234
20,Oaxaca,442,Santa María Yalina,250
20,Oaxaca,443,Santa María Yavesía,434
20,Oaxaca,444,Santa María Yolotepec,481
20,Oaxaca,445,Santa María Yosoyúa,1699
20,Oaxaca,446,Santa María Yucuhiti,6008
20,Oaxaca,447,Santa María Zacatepec,17100
20,Oaxaca,448,Santa María Zaniza,2469
20,Oaxaca,449,Santa María Zoquitlán,3294
20,Oaxaca,450,Santiago Amoltepec,13855
20,Oaxaca,451,Santiago Apoala,1019
20,Oaxaca,452,Santiago Apóstol,4421
20,Oaxaca,453,Santiago Astata,3918
20,Oaxaca,454,Santiago Atitlán,3556
20,Oaxaca,455,Santiago Ayuquililla,2904
20,Oaxaca,456,Santiago Cacaloxtepec,1667
20,Oaxaca,457,Santiago Camotlán,3346
20,Oaxaca,458,Santiago Comaltepec,1157
20,Oaxaca,459,Villa de Santiago Chazumba,4877
20,Oaxaca,460,Santiago Choápam,5242
20,Oaxaca,461,Santiago del Río,527
20,Oaxaca,462,Santiago Huajolotitlán,4600
20,Oaxaca,463,Santiago Huauclilla,525
20,Oaxaca,464,Santiago Ihuitlán Plumas,341
20,Oaxaca,465,Santiago Ixcuintepec,1636
20,Oaxaca,466,Santiago Ixtayutla,13880
20,Oaxaca,467,Santiago Jamiltepec,19112
20,Oaxaca,468,Santiago Jocotepec,14198
20,Oaxaca,469,Santiago Juxtlahuaca,34735
20,Oaxaca,470,Santiago Lachiguiri,4394
20,Oaxaca,471,Santiago Lalopa,431
20,Oaxaca,472,Santiago Laollaga,3361
20,Oaxaca,473,Santiago Laxopa,1291
20,Oaxaca,474,Santiago Llano Grande,3440
20,Oaxaca,475,Santiago Matatlán,10175
20,Oaxaca,476,Santiago Miltepec,421
20,Oaxaca,477,Santiago Minas,1327
20,Oaxaca,478,Santiago Nacaltepec,1599
20,Oaxaca,479,Santiago Nejapilla,174
20,Oaxaca,480,Santiago Nundiche,1351
20,Oaxaca,481,Santiago Nuyoó,1898
20,Oaxaca,482,Santiago Pinotepa Nacional,55840
20,Oaxaca,483,Santiago Suchilquitongo,10886
20,Oaxaca,484,Santiago Tamazola,4458
20,Oaxaca,485,Santiago Tapextla,3134
20,Oaxaca,486,Villa Tejúpam de la Unión,2419
20,Oaxaca,487,Santiago Tenango,1966
20,Oaxaca,488,Santiago Tepetlapa,130
20,Oaxaca,489,Santiago Tetepec,4909
20,Oaxaca,490,Santiago Texcalcingo,2974
20,Oaxaca,491,Santiago Textitlán,4930
20,Oaxaca,492,Santiago Tilantongo,2764
20,Oaxaca,493,Santiago Tillo,545
20,Oaxaca,494,Santiago Tlazoyaltepec,6300
20,Oaxaca,495,Santiago Xanica,3029
20,Oaxaca,496,Santiago Xiacuí,1893
20,Oaxaca,497,Santiago Yaitepec,4233
20,Oaxaca,498,Santiago Yaveo,7593
20,Oaxaca,499,Santiago Yolomécatl,1922
20,Oaxaca,500,Santiago Yosondúa,7991
20,Oaxaca,501,Santiago Yucuyachi,998
20,Oaxaca,502,Santiago Zacatepec,5089
20,Oaxaca,503,Santiago Zoochila,425
20,Oaxaca,504,Nuevo Zoquiápam,1590
20,Oaxaca,505,Santo Domingo Ingenio,7681
20,Oaxaca,506,Santo Domingo Albarradas,798
20,Oaxaca,507,Santo Domingo Armenta,3155
20,Oaxaca,508,Santo Domingo Chihuitán,1618
20,Oaxaca,509,Santo Domingo de Morelos,11384
20,Oaxaca,510,Santo Domingo Ixcatlán,760
20,Oaxaca,511,Santo Domingo Nuxaá,3335
20,Oaxaca,512,Santo Domingo Ozolotepec,1101
20,Oaxaca,513,Santo Domingo Petapa,9027
20,Oaxaca,514,Santo Domingo Roayaga,941
20,Oaxaca,515,Santo Domingo Tehuantepec,67739
20,Oaxaca,516,Santo Domingo Teojomulco,5260
20,Oaxaca,517,Santo Domingo Tepuxtepec,6029
20,Oaxaca,518,Santo Domingo Tlatayápam,113
20,Oaxaca,519,Santo Domingo Tomaltepec,3386
20,Oaxaca,520,Santo Domingo Tonalá,7393
20,Oaxaca,521,Santo Domingo Tonaltepec,250
20,Oaxaca,522,Santo Domingo Xagacía,1205
20,Oaxaca,523,Santo Domingo Yanhuitlán,1633
20,Oaxaca,524,Santo Domingo Yodohino,327
20,Oaxaca,525,Santo Domingo Zanatepec,12483
20,Oaxaca,526,Santos Reyes Nopala,16688
20,Oaxaca,527,Santos Reyes Pápalo,2490
20,Oaxaca,528,Santos Reyes Tepejillo,904
20,Oaxaca,529,Santos Reyes Yucuná,1474
20,Oaxaca,530,Santo Tomás Jalieza,3923
20,Oaxaca,531,Santo Tomás Mazaltepec,2612
20,Oaxaca,532,Santo Tomás Ocotepec,4066
20,Oaxaca,533,Santo Tomás Tamazulapan,2726
20,Oaxaca,534,San Vicente Coatlán,3512
20,Oaxaca,535,San Vicente Lachixío,3227
20,Oaxaca,536,San Vicente Nuñú,449
20,Oaxaca,537,Silacayoápam,6710
20,Oaxaca,538,Sitio de Xitlapehua,713
20,Oaxaca,539,Soledad Etla,6348
20,Oaxaca,540,Villa de Tamazulápam del Progreso,8326
20,Oaxaca,541,Tanetze de Zaragoza,1558
20,Oaxaca,542,Taniche,887
20,Oaxaca,543,Tataltepec de Valdés,6386
20,Oaxaca,544,Teococuilco de Marcos Pérez,1032
20,Oaxaca,545,Teotitlán de Flores Magón,10099
20,Oaxaca,546,Teotitlán del Valle,6392
20,Oaxaca,547,Teotongo,1005
20,Oaxaca,548,Tepelmeme Villa de Morelos,1960
20,Oaxaca,549,"Heroica Villa Tezoatlán de Segura y Luna, Cuna de la Independencia de Oaxaca",11465
20,Oaxaca,550,San Jerónimo Tlacochahuaya,5764
20,Oaxaca,551,Tlacolula de Matamoros,30254
20,Oaxaca,552,Tlacotepec Plumas,410
20,Oaxaca,553,Tlalixtac de Cabrera,12067
20,Oaxaca,554,Totontepec Villa de Morelos,5904
20,Oaxaca,555,Trinidad Zaachila,3419
20,Oaxaca,556,La Trinidad Vista Hermosa,306
20,Oaxaca,557,Unión Hidalgo,14542
20,Oaxaca,558,Valerio Trujano,1376
20,Oaxaca,559,San Juan Bautista Valle Nacional,23067
20,Oaxaca,560,Villa Díaz Ordaz,6467
20,Oaxaca,561,Yaxe,2954
20,Oaxaca,562,Magdalena Yodocono de Porfirio Díaz,1682
20,Oaxaca,563,Yogana,1245
20,Oaxaca,564,Yutanduchi de Guerrero,1195
20,Oaxaca,565,Villa de Zaachila,46464
20,Oaxaca,566,San Mateo Yucutindoo,3144
20,Oaxaca,567,Zapotitlán Lagunas,3382
20,Oaxaca,568,Zapotitlán Palmas,1695
20,Oaxaca,569,Santa Inés de Zaragoza,1454
20,Oaxaca,570,Zimatlán de Álvarez,22093
21,Puebla,001,Acajete,72894
21,Puebla,002,Acateno,9170
21,Puebla,003,Acatlán,37955
21,Puebla,004,Acatzingo,63743
21,Puebla,005,Acteopan,3070
21,Puebla,006,Ahuacatlán,14542
21,Puebla,007,Ahuatlán,3162
21,Puebla,008,Ahuazotepec,11439
21,Puebla,009,Ahuehuetitla,2207
21,Puebla,010,Ajalpan,74768
21,Puebla,011,Albino Zertuche,1885
21,Puebla,012,Aljojuca,6591
21,Puebla,013,Altepexi,22629
21,Puebla,014,Amixtlán,4812
21,Puebla,015,Amozoc,125876
21,Puebla,016,Aquixtla,9021
21,Puebla,017,Atempan,29742
21,Puebla,018,Atexcal,3859
21,Puebla,019,Atlixco,141793
21,Puebla,020,Atoyatempan,7704
21,Puebla,021,Atzala,1512
21,Puebla,022,Atzitzihuacán,12857
21,Puebla,023,Atzitzintla,9051
21,Puebla,024,Axutla,976
21,Puebla,025,Ayotoxco de Guerrero,8208
21,Puebla,026,Calpan,15271
21,Puebla,027,Caltepec,4128
21,Puebla,028,Camocuautla,2758
21,Puebla,029,Caxhuacan,3811
21,Puebla,030,Coatepec,772
21,Puebla,031,Coatzingo,2820
21,Puebla,032,Cohetzala,1382
21,Puebla,033,Cohuecan,5403
21,Puebla,034,Coronango,46836
21,Puebla,035,Coxcatlán,20653
21,Puebla,036,Coyomeapan,14806
21,Puebla,037,Coyotepec,2334
21,Puebla,038,Cuapiaxtla de Madero,10542
21,Puebla,039,Cuautempan,9837
21,Puebla,040,Cuautinchán,12340
21,Puebla,041,Cuautlancingo,137435
21,Puebla,042,Cuayuca de Andrade,3315
21,Puebla,043,Cuetzalan del Progreso,49864
21,Puebla,044,Cuyoaco,17139
21,Puebla,045,Chalchicomula de Sesma,47410
21,Puebla,046,Chapulco,8193
21,Puebla,047,Chiautla,21699
21,Puebla,048,Chiautzingo,22039
21,Puebla,049,Chiconcuautla,17382
21,Puebla,050,Chichiquila,26928
21,Puebla,051,Chietla,37030
21,Puebla,052,Chigmecatitlán,1215
21,Puebla,053,Chignahuapan,66464
21,Puebla,054,Chignautla,35223
21,Puebla,055,Chila,5082
21,Puebla,056,Chila de la Sal,1317
21,Puebla,057,Honey,6687
21,Puebla,058,Chilchotla,21002
21,Puebla,059,Chinantla,2846
21,Puebla,060,Domingo Arenas,7982
21,Puebla,061,Eloxochitlán,14461
21,Puebla,062,Epatlán,4943
21,Puebla,063,Esperanza,14766
21,Puebla,064,Francisco Z. Mena,17824
21,Puebla,065,General Felipe Ángeles,22694
21,Puebla,066,Guadalupe,6451
21,Puebla,067,Guadalupe Victoria,18784
21,Puebla,068,Hermenegildo Galeana,7011
21,Puebla,069,Huaquechula,29233
21,Puebla,070,Huatlatlauca,6111
21,Puebla,071,Huauchinango,103946
21,Puebla,072,Huehuetla,17082
21,Puebla,073,Huehuetlán el Chico,9760
21,Puebla,074,Huejotzingo,90794
21,Puebla,075,Hueyapan,13080
21,Puebla,076,Hueytamalco,27600
21,Puebla,077,Hueytlalpan,5951
21,Puebla,078,Huitzilan de Serdán,15928
21,Puebla,079,Huitziltepec,5782
21,Puebla,080,Atlequizayan,2633
21,Puebla,081,Ixcamilpa de Guerrero,4065
21,Puebla,082,Ixcaquixtla,8804
21,Puebla,083,Ixtacamaxtitlán,25319
21,Puebla,084,Ixtepec,6950
21,Puebla,085,Izúcar de Matamoros,82809
21,Puebla,086,Jalpan,12050
21,Puebla,087,Jolalpan,13308
21,Puebla,088,Jonotla,4457
21,Puebla,089,Jopala,12131
21,Puebla,090,Juan C. Bonilla,23783
21,Puebla,091,Juan Galindo,9828
21,Puebla,092,Juan N. Méndez,5293
21,Puebla,093,Lafragua,7650
21,Puebla,094,Libres,37257
21,Puebla,095,La Magdalena Tlatlauquitepec,650
21,Puebla,096,Mazapiltepec de Juárez,3176
21,Puebla,097,Mixtla,2668
21,Puebla,098,Molcaxac,6668
21,Puebla,099,Cañada Morelos,20659
21,Puebla,100,Naupan,9310
21,Puebla,101,Nauzontla,3317
21,Puebla,102,Nealtican,14075
21,Puebla,103,Nicolás Bravo,6644
21,Puebla,104,Nopalucan,32772
21,Puebla,105,Ocotepec,5077
21,Puebla,106,Ocoyucan,42669
21,Puebla,107,Olintla,11993
21,Puebla,108,Oriental,19903
21,Puebla,109,Pahuatlán,20274
21,Puebla,110,Palmar de Bravo,50226
21,Puebla,111,Pantepec,18528
21,Puebla,112,Petlalcingo,9350
21,Puebla,113,Piaxtla,4627
21,Puebla,114,Puebla,1692181
21,Puebla,115,Quecholac,57992
21,Puebla,116,Quimixtlán,22855
21,Puebla,117,Rafael Lara Grajales,15952
21,Puebla,118,Los Reyes de Juárez,30021
21,Puebla,119,San Andrés Cholula,154448
21,Puebla,120,San Antonio Cañada,5938
21,Puebla,121,San Diego la Mesa Tochimiltzingo,1270
21,Puebla,122,San Felipe Teotlalcingo,11063
21,Puebla,123,San Felipe Tepatlán,3793
21,Puebla,124,San Gabriel Chilac,15954
21,Puebla,125,San Gregorio Atzompa,9671
21,Puebla,126,San Jerónimo Tecuanipan,6597
21,Puebla,127,San Jerónimo Xayacatlán,3606
21,Puebla,128,San José Chiapa,10443
21,Puebla,129,San José Miahuatlán,14018
21,Puebla,130,San Juan Atenco,3604
21,Puebla,131,San Juan Atzompa,975
21,Puebla,132,San Martín Texmelucan,155738
21,Puebla,133,San Martín Totoltepec,692
21,Puebla,134,San Matías Tlalancaleca,20974
21,Puebla,135,San Miguel Ixitlán,526
21,Puebla,136,San Miguel Xoxtla,12461
21,Puebla,137,San Nicolás Buenos Aires,10464
21,Puebla,138,San Nicolás de los Ranchos,11780
21,Puebla,139,San Pablo Anicano,3759
21,Puebla,140,San Pedro Cholula,138433
21,Puebla,141,San Pedro Yeloixtlahuaca,3488
21,Puebla,142,San Salvador el Seco,30639
21,Puebla,143,San Salvador el Verde,34880
21,Puebla,144,San Salvador Huixcolotla,16790
21,Puebla,145,San Sebastián Tlacotepec,13189
21,Puebla,146,Santa Catarina Tlaltempan,749
21,Puebla,147,Santa Inés Ahuatempan,6341
21,Puebla,148,Santa Isabel Cholula,11498
21,Puebla,149,Santiago Miahuatlán,30309
21,Puebla,150,Huehuetlán el Grande,6105
21,Puebla,151,Santo Tomás Hueyotlipan,9315
21,Puebla,152,Soltepec,12631
21,Puebla,153,Tecali de Herrera,23625
21,Puebla,154,Tecamachalco,80771
21,Puebla,155,Tecomatlán,6830
21,Puebla,156,Tehuacán,327312
21,Puebla,157,Tehuitzingo,12672
21,Puebla,158,Tenampulco,6743
21,Puebla,159,Teopantlán,3836
21,Puebla,160,Teotlalco,3689
21,Puebla,161,Tepanco de López,22218
21,Puebla,162,Tepango de Rodríguez,4155
21,Puebla,163,Tepatlaxco de Hidalgo,18854
21,Puebla,164,Tepeaca,84270
21,Puebla,165,Tepemaxalco,1216
21,Puebla,166,Tepeojuma,8918
21,Puebla,167,Tepetzintla,10373
21,Puebla,168,Tepexco,7523
21,Puebla,169,Tepexi de Rodríguez,22331
21,Puebla,170,Tepeyahualco,19200
21,Puebla,171,Tepeyahualco de Cuauhtémoc,3851
21,Puebla,172,Tetela de Ocampo,27216
21,Puebla,173,Teteles de Ávila Castillo,6653
21,Puebla,174,Teziutlán,103583
21,Puebla,175,Tianguismanalco,14432
21,Puebla,176,Tilapa,9664
21,Puebla,177,Tlacotepec de Benito Juárez,54757
21,Puebla,178,Tlacuilotepec,15977
21,Puebla,179,Tlachichuca,31639
21,Puebla,180,Tlahuapan,41547
21,Puebla,181,Tlaltenango,7425
21,Puebla,182,Tlanepantla,5390
21,Puebla,183,Tlaola,20433
21,Puebla,184,Tlapacoya,6422
21,Puebla,185,Tlapanalá,10344
21,Puebla,186,Tlatlauquitepec,55576
21,Puebla,187,Tlaxco,4934
21,Puebla,188,Tochimilco,19315
21,Puebla,189,Tochtepec,22454
21,Puebla,190,Totoltepec de Guerrero,1187
21,Puebla,191,Tulcingo,9871
21,Puebla,192,Tuzamapan de Galeana,5924
21,Puebla,193,Tzicatlacoyan,6476
21,Puebla,194,Venustiano Carranza,28395
21,Puebla,195,Vicente Guerrero,26559
21,Puebla,196,Xayacatlán de Bravo,1570
21,Puebla,197,Xicotepec,80591
21,Puebla,198,Xicotlán,1312
21,Puebla,199,Xiutetelco,42943
21,Puebla,200,Xochiapulco,3443
21,Puebla,201,Xochiltepec,3375
21,Puebla,202,Xochitlán de Vicente Suárez,13025
21,Puebla,203,Xochitlán Todos Santos,7178
21,Puebla,204,Yaonáhuac,7926
21,Puebla,205,Yehualtepec,26392
21,Puebla,206,Zacapala,4647
21,Puebla,207,Zacapoaxtla,57887
21,Puebla,208,Zacatlán,87361
21,Puebla,209,Zapotitlán,8595
21,Puebla,210,Zapotitlán de Méndez,5675
21,Puebla,211,Zaragoza,16752
21,Puebla,212,Zautla,20717
21,Puebla,213,Zihuateutla,11967
21,Puebla,214,Zinacatepec,18359
21,Puebla,215,Zongozotla,4539
21,Puebla,216,Zoquiapan,2452
21,Puebla,217,Zoquitlán,20335
23,Quintana Roo,001,Cozumel,88626
23,Quintana Roo,002,Felipe Carrillo Puerto,83990
23,Quintana Roo,003,Isla Mujeres,22686
23,Quintana Roo,004,Othón P. Blanco,233648
23,Quintana Roo,005,Benito Juárez,911503
23,Quintana Roo,006,José María Morelos,39165
23,Quintana Roo,007,Lázaro Cárdenas,29171
23,Quintana Roo,008,Solidaridad,333800
23,Quintana Roo,009,Tulum,46721
23,Quintana Roo,010,Bacalar,41754
23,Quintana Roo,011,Puerto Morelos,26921
22,Querétaro,001,Amealco de Bonfil,66841
22,Querétaro,002,Pinal de Amoles,27365
22,Querétaro,003,Arroyo Seco,13142
22,Querétaro,004,Cadereyta de Montes,69075
22,Querétaro,005,Colón,67121
22,Querétaro,006,Corregidora,212567
22,Querétaro,007,Ezequiel Montes,45141
22,Querétaro,008,Huimilpan,36808
22,Querétaro,009,Jalpan de Serra,27343
22,Querétaro,010,Landa de Matamoros,18794
22,Querétaro,011,El Marqués,231668
22,Querétaro,012,Pedro Escobedo,77404
22,Querétaro,013,Peñamiller,19141
22,Querétaro,014,Querétaro,1049777
22,Querétaro,015,San Joaquín,8359
22,Querétaro,016,San Juan del Río,297804
22,Querétaro,017,Tequisquiapan,72201
22,Querétaro,018,Tolimán,27916
25,Sinaloa,001,Ahome,459310
25,Sinaloa,002,Angostura,44093
25,Sinaloa,003,Badiraguato,26542
25,Sinaloa,004,Concordia,24899
25,Sinaloa,005,Cosalá,17012
25,Sinaloa,006,Culiacán,1003530
25,Sinaloa,007,Choix,29334
25,Sinaloa,008,Elota,55339
25,Sinaloa,009,Escuinapa,59988
25,Sinaloa,010,El Fuerte,96593
25,Sinaloa,011,Guasave,289370
25,Sinaloa,012,Mazatlán,501441
25,Sinaloa,013,Mocorito,40358
25,Sinaloa,014,Rosario,52345
25,Sinaloa,015,Salvador Alvarado,79492
25,Sinaloa,016,San Ignacio,19505
25,Sinaloa,017,Sinaloa,78670
25,Sinaloa,018,Navolato,149122
24,San Luis Potosí,001,Ahualulco,18974
24,San Luis Potosí,002,Alaquines,7785
24,San Luis Potosí,003,Aquismón,48359
24,San Luis Potosí,004,Armadillo de los Infante,4013
24,San Luis Potosí,005,Cárdenas,18317
24,San Luis Potosí,006,Catorce,9579
24,San Luis Potosí,007,Cedral,19840
24,San Luis Potosí,008,Cerritos,22075
24,San Luis Potosí,009,Cerro de San Pedro,5050
24,San Luis Potosí,010,Ciudad del Maíz,30320
24,San Luis Potosí,011,Ciudad Fernández,48106
24,San Luis Potosí,012,Tancanhuitz,20300
24,San Luis Potosí,013,Ciudad Valles,179371
24,San Luis Potosí,014,Coxcatlán,15660
24,San Luis Potosí,015,Charcas,21814
24,San Luis Potosí,016,Ebano,40899
24,San Luis Potosí,017,Guadalcázar,25119
24,San Luis Potosí,018,Huehuetlán,15334
24,San Luis Potosí,019,Lagunillas,5453
24,San Luis Potosí,020,Matehuala,102199
24,San Luis Potosí,021,Mexquitic de Carmona,58469
24,San Luis Potosí,022,Moctezuma,19036
24,San Luis Potosí,023,Rayón,15301
24,San Luis Potosí,024,Rioverde,97943
24,San Luis Potosí,025,Salinas,31107
24,San Luis Potosí,026,San Antonio,9382
24,San Luis Potosí,027,San Ciro de Acosta,10215
24,San Luis Potosí,028,San Luis Potosí,911908
24,San Luis Potosí,029,San Martín Chalchicuautla,18468
24,San Luis Potosí,030,San Nicolás Tolentino,4779
24,San Luis Potosí,031,Santa Catarina,12163
24,San Luis Potosí,032,Santa María del Río,39880
24,San Luis Potosí,033,Santo Domingo,10785
24,San Luis Potosí,034,San Vicente Tancuayalab,14945
24,San Luis Potosí,035,Soledad de Graciano Sánchez,332072
24,San Luis Potosí,036,Tamasopo,29184
24,San Luis Potosí,037,Tamazunchale,95037
24,San Luis Potosí,038,Tampacán,14348
24,San Luis Potosí,039,Tampamolón Corona,13603
24,San Luis Potosí,040,Tamuín,36968
24,San Luis Potosí,041,Tanlajás,18208
24,San Luis Potosí,042,Tanquián de Escobedo,13448
24,San Luis Potosí,043,Tierra Nueva,7966
24,San Luis Potosí,044,Vanegas,7557
24,San Luis Potosí,045,Venado,14188
24,San Luis Potosí,046,Villa de Arriaga,18206
24,San Luis Potosí,047,Villa de Guadalupe,9277
24,San Luis Potosí,048,Villa de la Paz,5298
24,San Luis Potosí,049,Villa de Ramos,38389
24,San Luis Potosí,050,Villa de Reyes,52912
24,San Luis Potosí,051,Villa Hidalgo,15458
24,San Luis Potosí,052,Villa Juárez,10304
24,San Luis Potosí,053,Axtla de Terrazas,32544
24,San Luis Potosí,054,Xilitla,49741
24,San Luis Potosí,055,Zaragoza,27386
24,San Luis Potosí,056,Villa de Arista,17258
24,San Luis Potosí,057,Matlapa,28996
24,San Luis Potosí,058,El Naranjo,20959
26,Sonora,001,Aconchi,2563
26,Sonora,002,Agua Prieta,91929
26,Sonora,003,Alamos,24976
26,Sonora,004,Altar,9492
26,Sonora,005,Arivechi,1177
26,Sonora,006,Arizpe,2788
26,Sonora,007,Atil,626
26,Sonora,008,Bacadéhuachi,979
26,Sonora,009,Bacanora,759
26,Sonora,010,Bacerac,1221
26,Sonora,011,Bacoachi,1475
26,Sonora,012,Bácum,23151
26,Sonora,013,Banámichi,1825
26,Sonora,014,Baviácora,3191
26,Sonora,015,Bavispe,1169
26,Sonora,016,Benjamín Hill,4988
26,Sonora,017,Caborca,89122
26,Sonora,018,Cajeme,436484
26,Sonora,019,Cananea,39451
26,Sonora,020,Carbó,4946
26,Sonora,021,La Colorada,1848
26,Sonora,022,Cucurpe,863
26,Sonora,023,Cumpas,5829
26,Sonora,024,Divisaderos,753
26,Sonora,025,Empalme,51431
26,Sonora,026,Etchojoa,61309
26,Sonora,027,Fronteras,9041
26,Sonora,028,Granados,1009
26,Sonora,029,Guaymas,156863
26,Sonora,030,Hermosillo,936263
26,Sonora,031,Huachinera,1186
26,Sonora,032,Huásabas,888
26,Sonora,033,Huatabampo,77682
26,Sonora,034,Huépac,943
26,Sonora,035,Imuris,12536
26,Sonora,036,Magdalena,33049
26,Sonora,037,Mazatán,1101
26,Sonora,038,Moctezuma,5173
26,Sonora,039,Naco,5774
26,Sonora,040,Nácori Chico,1531
26,Sonora,041,Nacozari de García,14369
26,Sonora,042,Navojoa,164387
26,Sonora,043,Nogales,264782
26,Sonora,044,Ónavas,365
26,Sonora,045,Opodepe,2438
26,Sonora,046,Oquitoa,496
26,Sonora,047,Pitiquito,9122
26,Sonora,048,Puerto Peñasco,62689
26,Sonora,049,Quiriego,3090
26,Sonora,050,Rayón,1496
26,Sonora,051,Rosario,4830
26,Sonora,052,Sahuaripa,5257
26,Sonora,053,San Felipe de Jesús,369
26,Sonora,054,San Javier,537
26,Sonora,055,San Luis Río Colorado,199021
26,Sonora,056,San Miguel de Horcasitas,10729
26,Sonora,057,San Pedro de la Cueva,1458
26,Sonora,058,Santa Ana,16203
26,Sonora,059,Santa Cruz,1835
26,Sonora,060,Sáric,2058
26,Sonora,061,Soyopa,1368
26,Sonora,062,Suaqui Grande,1114
26,Sonora,063,Tepache,1178
26,Sonora,064,Trincheras,1381
26,Sonora,065,Tubutama,1473
26,Sonora,066,Ures,8548
26,Sonora,067,Villa Hidalgo,1429
26,Sonora,068,Villa Pesqueira,1043
26,Sonora,069,Yécora,4793
26,Sonora,070,General Plutarco Elías Calles,13627
26,Sonora,071,Benito Juárez,21692
26,Sonora,072,San Ignacio Río Muerto,14279
27,Tabasco,001,Balancán,58524
27,Tabasco,002,Cárdenas,243229
27,Tabasco,003,Centla,107731
27,Tabasco,004,Centro,683607
27,Tabasco,005,Comalcalco,214877
27,Tabasco,006,Cunduacán,137257
27,Tabasco,007,Emiliano Zapata,32181
27,Tabasco,008,Huimanguillo,190885
27,Tabasco,009,Jalapa,37749
27,Tabasco,010,Jalpa de Méndez,91185
27,Tabasco,011,Jonuta,30798
27,Tabasco,012,Macuspana,158601
27,Tabasco,013,Nacajuca,150300
27,Tabasco,014,Paraíso,96741
27,Tabasco,015,Tacotalpa,47905
27,Tabasco,016,Teapa,58718
27,Tabasco,017,Tenosique,62310
28,Tamaulipas,001,Abasolo,9822
28,Tamaulipas,002,Aldama,28725
28,Tamaulipas,003,Altamira,269790
28,Tamaulipas,004,Antiguo Morelos,8850
28,Tamaulipas,005,Burgos,4256
28,Tamaulipas,006,Bustamante,7542
28,Tamaulipas,007,Camargo,16546
28,Tamaulipas,008,Casas,4143
28,Tamaulipas,009,Ciudad Madero,205933
28,Tamaulipas,010,Cruillas,1671
28,Tamaulipas,011,Gómez Farías,8288
28,Tamaulipas,012,González,41470
28,Tamaulipas,013,Güémez,15032
28,Tamaulipas,014,Guerrero,3803
28,Tamaulipas,015,Gustavo Díaz Ordaz,15677
28,Tamaulipas,016,Hidalgo,17012
28,Tamaulipas,017,Jaumave,15994
28,Tamaulipas,018,Jiménez,6375
28,Tamaulipas,019,Llera,14645
28,Tamaulipas,020,Mainero,2048
28,Tamaulipas,021,El Mante,106144
28,Tamaulipas,022,Matamoros,541979
28,Tamaulipas,023,Méndez,4280
28,Tamaulipas,024,Mier,6385
28,Tamaulipas,025,Miguel Alemán,26237
28,Tamaulipas,026,Miquihuana,3704
28,Tamaulipas,027,Nuevo Laredo,425058
28,Tamaulipas,028,Nuevo Morelos,3810
28,Tamaulipas,029,Ocampo,13190
28,Tamaulipas,030,Padilla,13618
28,Tamaulipas,031,Palmillas,1917
28,Tamaulipas,032,Reynosa,704767
28,Tamaulipas,033,Río Bravo,132484
28,Tamaulipas,034,San Carlos,7411
28,Tamaulipas,035,San Fernando,51405
28,Tamaulipas,036,San Nicolás,926
28,Tamaulipas,037,Soto la Marina,23673
28,Tamaulipas,038,Tampico,297562
28,Tamaulipas,039,Tula,28230
28,Tamaulipas,040,Valle Hermoso,60055
28,Tamaulipas,041,Victoria,349688
28,Tamaulipas,042,Villagrán,5361
28,Tamaulipas,043,Xicoténcatl,22229
29,Tlaxcala,001,Amaxac de Guerrero,11403
29,Tlaxcala,002,Apetatitlán de Antonio Carvajal,16003
29,Tlaxcala,003,Atlangatepec,7087
29,Tlaxcala,004,Atltzayanca,18111
29,Tlaxcala,005,Apizaco,80725
29,Tlaxcala,006,Calpulalpan,51172
29,Tlaxcala,007,El Carmen Tequexquitla,17332
29,Tlaxcala,008,Cuapiaxtla,16222
29,Tlaxcala,009,Cuaxomulco,5928
29,Tlaxcala,010,Chiautempan,73215
29,Tlaxcala,011,Muñoz de Domingo Arenas,4755
29,Tlaxcala,012,Españita,9416
29,Tlaxcala,013,Huamantla,98764
29,Tlaxcala,014,Hueyotlipan,15190
29,Tlaxcala,015,Ixtacuixtla de Mariano Matamoros,38970
29,Tlaxcala,016,Ixtenco,7504
29,Tlaxcala,017,Mazatecochco de José María Morelos,11592
29,Tlaxcala,018,Contla de Juan Cuamatzi,38579
29,Tlaxcala,019,Tepetitla de Lardizábal,22274
29,Tlaxcala,020,Sanctórum de Lázaro Cárdenas,9432
29,Tlaxcala,021,Nanacamilpa de Mariano Arista,18686
29,Tlaxcala,022,Acuamanala de Miguel Hidalgo,6432
29,Tlaxcala,023,Natívitas,26309
29,Tlaxcala,024,Panotla,28357
29,Tlaxcala,025,San Pablo del Monte,82688
29,Tlaxcala,026,Santa Cruz Tlaxcala,24116
29,Tlaxcala,027,Tenancingo,12974
29,Tlaxcala,028,Teolocholco,25257
29,Tlaxcala,029,Tepeyanco,13328
29,Tlaxcala,030,Terrenate,15475
29,Tlaxcala,031,Tetla de la Solidaridad,35284
29,Tlaxcala,032,Tetlatlahuca,13561
29,Tlaxcala,033,Tlaxcala,99896
29,Tlaxcala,034,Tlaxco,45438
29,Tlaxcala,035,Tocatlán,6294
29,Tlaxcala,036,Totolac,22529
29,Tlaxcala,037,Ziltlaltépec de Trinidad Sánchez Santos,9207
29,Tlaxcala,038,Tzompantepec,18006
29,Tlaxcala,039,Xaloztoc,25607
29,Tlaxcala,040,Xaltocan,10601
29,Tlaxcala,041,Papalotla de Xicohténcatl,33499
29,Tlaxcala,042,Xicohtzinco,14197
29,Tlaxcala,043,Yauhquemehcan,42242
29,Tlaxcala,044,Zacatelco,45717
29,Tlaxcala,045,Benito Juárez,6211
29,Tlaxcala,046,Emiliano Zapata,4951
29,Tlaxcala,047,Lázaro Cárdenas,3534
29,Tlaxcala,048,La Magdalena Tlaltelulco,19036
29,Tlaxcala,049,San Damián Texóloc,5884
29,Tlaxcala,050,San Francisco Tetlanohcan,11761
29,Tlaxcala,051,San Jerónimo Zacualpan,4092
29,Tlaxcala,052,San José Teacalco,6436
29,Tlaxcala,053,San Juan Huactzinco,7688
29,Tlaxcala,054,San Lorenzo Axocomanitla,5689
29,Tlaxcala,055,San Lucas Tecopilco,3077
29,Tlaxcala,056,Santa Ana Nopalucan,7952
29,Tlaxcala,057,Santa Apolonia Teacalco,4636
29,Tlaxcala,058,Santa Catarina Ayometla,9463
29,Tlaxcala,059,Santa Cruz Quilehtla,7750
29,Tlaxcala,060,Santa Isabel Xiloxoxtla,5443
30,Veracruz,001,Acajete,9701
30,Veracruz,002,Acatlán,3441
30,Veracruz,003,Acayucan,80815
30,Veracruz,004,Actopan,41742
30,Veracruz,005,Acula,5253
30,Veracruz,006,Acultzingo,23100
30,Veracruz,007,Camarón de Tejeda,6538
30,Veracruz,008,Alpatláhuac,10338
30,Veracruz,009,Alto Lucero de Gutiérrez Barrios,28184
30,Veracruz,010,Altotonga,64234
30,Veracruz,011,Alvarado,57035
30,Veracruz,012,Amatitlán,7866
30,Veracruz,013,Naranjos Amatlán,26843
30,Veracruz,014,Amatlán de los Reyes,46955
30,Veracruz,015,Angel R. Cabada,33839
30,Veracruz,016,La Antigua,28682
30,Veracruz,017,Apazapan,4709
30,Veracruz,018,Aquila,1978
30,Veracruz,019,Astacinga,6909
30,Veracruz,020,Atlahuilco,11577
30,Veracruz,021,Atoyac,23461
30,Veracruz,022,Atzacan,22651
30,Veracruz,023,Atzalan,49180
30,Veracruz,024,Tlaltetela,16485
30,Veracruz,025,Ayahualulco,27217
30,Veracruz,026,Banderilla,25993
30,Veracruz,027,Benito Juárez,16120
30,Veracruz,028,Boca del Río,144550
30,Veracruz,029,Calcahualco,13701
30,Veracruz,030,Camerino Z. Mendoza,41835
30,Veracruz,031,Carrillo Puerto,18888
30,Veracruz,032,Catemaco,49451
30,Veracruz,033,Cazones de Herrera,24421
30,Veracruz,034,Cerro Azul,25011
30,Veracruz,035,Citlaltépetl,11165
30,Veracruz,036,Coacoatzintla,11018
30,Veracruz,037,Coahuitlán,8176
30,Veracruz,038,Coatepec,93911
30,Veracruz,039,Coatzacoalcos,310698
30,Veracruz,040,Coatzintla,55016
30,Veracruz,041,Coetzala,2355
30,Veracruz,042,Colipa,5743
30,Veracruz,043,Comapa,19876
30,Veracruz,044,Córdoba,204721
30,Veracruz,045,Cosamaloapan de Carpio,54737
30,Veracruz,046,Cosautlán de Carvajal,16167
30,Veracruz,047,Coscomatepec,59471
30,Veracruz,048,Cosoleacaque,130903
30,Veracruz,049,Cotaxtla,22050
30,Veracruz,050,Coxquihui,16333
30,Veracruz,051,Coyutla,23096
30,Veracruz,052,Cuichapa,11869
30,Veracruz,053,Cuitláhuac,28075
30,Veracruz,054,Chacaltianguis,11461
30,Veracruz,055,Chalma,13527
30,Veracruz,056,Chiconamel,6610
30,Veracruz,057,Chiconquiaco,13881
30,Veracruz,058,Chicontepec,53858
30,Veracruz,059,Chinameca,22638
30,Veracruz,060,Chinampa de Gorostiza,16283
30,Veracruz,061,Las Choapas,81080
30,Veracruz,062,Chocamán,20839
30,Veracruz,063,Chontla,13359
30,Veracruz,064,Chumatlán,4008
30,Veracruz,065,Emiliano Zapata,85489
30,Veracruz,066,Espinal,26830
30,Veracruz,067,Filomeno Mata,19179
30,Veracruz,068,Fortín,66372
30,Veracruz,069,Gutiérrez Zamora,24085
30,Veracruz,070,Hidalgotitlán,18275
30,Veracruz,071,Huatusco,59920
30,Veracruz,072,Huayacocotla,21796
30,Veracruz,073,Hueyapan de Ocampo,41670
30,Veracruz,074,Huiloapan de Cuauhtémoc,7293
30,Veracruz,075,Ignacio de la Llave,16525
30,Veracruz,076,Ilamatlán,13377
30,Veracruz,077,Isla,42807
30,Veracruz,078,Ixcatepec,12379
30,Veracruz,079,Ixhuacán de los Reyes,11387
30,Veracruz,080,Ixhuatlán del Café,23132
30,Veracruz,081,Ixhuatlancillo,27295
30,Veracruz,082,Ixhuatlán del Sureste,15831
30,Veracruz,083,Ixhuatlán de Madero,50836
30,Veracruz,084,Ixmatlahuacan,5574
30,Veracruz,085,Ixtaczoquitlán,74004
30,Veracruz,086,Jalacingo,46794
30,Veracruz,087,Xalapa,488531
30,Veracruz,088,Jalcomulco,5054
30,Veracruz,089,Jáltipan,38669
30,Veracruz,090,Jamapa,11132
30,Veracruz,091,Jesús Carranza,28524
30,Veracruz,092,Xico,39623
30,Veracruz,093,Jilotepec,16585
30,Veracruz,094,Juan Rodríguez Clara,38367
30,Veracruz,095,Juchique de Ferrer,15059
30,Veracruz,096,Landero y Coss,1543
30,Veracruz,097,Lerdo de Tejada,19123
30,Veracruz,098,Magdalena,3299
30,Veracruz,099,Maltrata,18327
30,Veracruz,100,Manlio Fabio Altamirano,23918
30,Veracruz,101,Mariano Escobedo,38670
30,Veracruz,102,Martínez de la Torre,108842
30,Veracruz,103,Mecatlán,12799
30,Veracruz,104,Mecayapan,17134
30,Veracruz,105,Medellín de Bravo,95202
30,Veracruz,106,Miahuatlán,4841
30,Veracruz,107,Las Minas,2934
30,Veracruz,108,Minatitlán,144776
30,Veracruz,109,Misantla,65761
30,Veracruz,110,Mixtla de Altamirano,12125
30,Veracruz,111,Moloacán,16493
30,Veracruz,112,Naolinco,22835
30,Veracruz,113,Naranjal,4614
30,Veracruz,114,Nautla,10130
30,Veracruz,115,Nogales,37314
30,Veracruz,116,Oluta,17027
30,Veracruz,117,Omealca,23773
30,Veracruz,118,Orizaba,123182
30,Veracruz,119,Otatitlán,5651
30,Veracruz,120,Oteapan,10343
30,Veracruz,121,Ozuluama de Mascareñas,22756
30,Veracruz,122,Pajapan,18051
30,Veracruz,123,Pánuco,96185
30,Veracruz,124,Papantla,159910
30,Veracruz,125,Paso del Macho,31894
30,Veracruz,126,Paso de Ovejas,33442
30,Veracruz,127,La Perla,28258
30,Veracruz,128,Perote,77432
30,Veracruz,129,Platón Sánchez,18053
30,Veracruz,130,Playa Vicente,39327
30,Veracruz,131,Poza Rica de Hidalgo,189457
30,Veracruz,132,Las Vigas de Ramírez,20300
30,Veracruz,133,Pueblo Viejo,57909
30,Veracruz,134,Puente Nacional,23544
30,Veracruz,135,Rafael Delgado,24127
30,Veracruz,136,Rafael Lucio,8343
30,Veracruz,137,Los Reyes,6308
30,Veracruz,138,Río Blanco,41795
30,Veracruz,139,Saltabarranca,6126
30,Veracruz,140,San Andrés Tenejapan,3134
30,Veracruz,141,San Andrés Tuxtla,162428
30,Veracruz,142,San Juan Evangelista,32631
30,Veracruz,143,Santiago Tuxtla,57085
30,Veracruz,144,Sayula de Alemán,32400
30,Veracruz,145,Soconusco,16574
30,Veracruz,146,Sochiapa,3925
30,Veracruz,147,Soledad Atzompa,24578
30,Veracruz,148,Soledad de Doblado,28130
30,Veracruz,149,Soteapan,34385
30,Veracruz,150,Tamalín,11631
30,Veracruz,151,Tamiahua,21902
30,Veracruz,152,Tampico Alto,11561
30,Veracruz,153,Tancoco,5795
30,Veracruz,154,Tantima,11991
30,Veracruz,155,Tantoyuca,99959
30,Veracruz,156,Tatatila,6041
30,Veracruz,157,Castillo de Teayo,20145
30,Veracruz,158,Tecolutla,24551
30,Veracruz,159,Tehuipango,29686
30,Veracruz,160,Álamo Temapache,107270
30,Veracruz,161,Tempoal,34408
30,Veracruz,162,Tenampa,6448
30,Veracruz,163,Tenochtitlán,5040
30,Veracruz,164,Teocelo,16957
30,Veracruz,165,Tepatlaxco,8925
30,Veracruz,166,Tepetlán,9405
30,Veracruz,167,Tepetzintla,14619
30,Veracruz,168,Tequila,16343
30,Veracruz,169,José Azueta,22709
30,Veracruz,170,Texcatepec,10824
30,Veracruz,171,Texhuacán,5575
30,Veracruz,172,Texistepec,19925
30,Veracruz,173,Tezonapa,54537
30,Veracruz,174,Tierra Blanca,95602
30,Veracruz,175,Tihuatlán,92726
30,Veracruz,176,Tlacojalpan,4489
30,Veracruz,177,Tlacolulan,11685
30,Veracruz,178,Tlacotalpan,12898
30,Veracruz,179,Tlacotepec de Mejía,4284
30,Veracruz,180,Tlachichilco,10900
30,Veracruz,181,Tlalixcoyan,37795
30,Veracruz,182,Tlalnelhuayocan,19664
30,Veracruz,183,Tlapacoyan,61377
30,Veracruz,184,Tlaquilpa,7933
30,Veracruz,185,Tlilapan,5548
30,Veracruz,186,Tomatlán,7197
30,Veracruz,187,Tonayán,6105
30,Veracruz,188,Totutla,17217
30,Veracruz,189,Tuxpan,154600
30,Veracruz,190,Tuxtilla,2258
30,Veracruz,191,Ursulo Galván,30097
30,Veracruz,192,Vega de Alatorre,20204
30,Veracruz,193,Veracruz,607209
30,Veracruz,194,Villa Aldama,12492
30,Veracruz,195,Xoxocotla,5900
30,Veracruz,196,Yanga,17902
30,Veracruz,197,Yecuatla,11205
30,Veracruz,198,Zacualpan,6788
30,Veracruz,199,Zaragoza,11899
30,Veracruz,200,Zentla,12581
30,Veracruz,201,Zongolica,45028
30,Veracruz,202,Zontecomatlán de López y Fuentes,14644
30,Veracruz,203,Zozocolco de Hidalgo,14524
30,Veracruz,204,Agua Dulce,44104
30,Veracruz,205,El Higo,19402
30,Veracruz,206,Nanchital de Lázaro Cárdenas del Río,29209
30,Veracruz,207,Tres Valles,44978
30,Veracruz,208,Carlos A. Carrillo,23376
30,Veracruz,209,Tatahuicapan de Juárez,15044
30,Veracruz,210,Uxpanapa,30891
30,Veracruz,211,San Rafael,30351
30,Veracruz,212,Santiago Sochiapan,13062
31,Yucatán,001,Abalá,6550
31,Yucatán,002,Acanceh,16772
31,Yucatán,003,Akil,12285
31,Yucatán,004,Baca,6195
31,Yucatán,005,Bokobá,2167
31,Yucatán,006,Buctzotz,9159
31,Yucatán,007,Cacalchén,7490
31,Yucatán,008,Calotmul,3949
31,Yucatán,009,Cansahcab,4466
31,Yucatán,010,Cantamayec,2755
31,Yucatán,011,Celestún,8389
31,Yucatán,012,Cenotillo,3736
31,Yucatán,013,Conkal,16671
31,Yucatán,014,Cuncunul,1714
31,Yucatán,015,Cuzamá,5560
31,Yucatán,016,Chacsinkín,3104
31,Yucatán,017,Chankom,4686
31,Yucatán,018,Chapab,3385
31,Yucatán,019,Chemax,38934
31,Yucatán,020,Chicxulub Pueblo,4497
31,Yucatán,021,Chichimilá,9406
31,Yucatán,022,Chikindzonot,4363
31,Yucatán,023,Chocholá,4863
31,Yucatán,024,Chumayel,3244
31,Yucatán,025,Dzán,6003
31,Yucatán,026,Dzemul,3622
31,Yucatán,027,Dzidzantún,8345
31,Yucatán,028,Dzilam de Bravo,2936
31,Yucatán,029,Dzilam González,6240
31,Yucatán,030,Dzitás,4015
31,Yucatán,031,Dzoncauich,2818
31,Yucatán,032,Espita,16779
31,Yucatán,033,Halachó,21255
31,Yucatán,034,Hocabá,6514
31,Yucatán,035,Hoctún,6384
31,Yucatán,036,Homún,8090
31,Yucatán,037,Huhí,5250
31,Yucatán,038,Hunucmá,35137
31,Yucatán,039,Ixil,4186
31,Yucatán,040,Izamal,28555
31,Yucatán,041,Kanasín,141939
31,Yucatán,042,Kantunil,5553
31,Yucatán,043,Kaua,3405
31,Yucatán,044,Kinchil,7530
31,Yucatán,045,Kopomá,2677
31,Yucatán,046,Mama,3296
31,Yucatán,047,Maní,5968
31,Yucatán,048,Maxcanú,23991
31,Yucatán,049,Mayapán,3965
31,Yucatán,050,Mérida,995129
31,Yucatán,051,Mocochá,3430
31,Yucatán,052,Motul,37804
31,Yucatán,053,Muna,13494
31,Yucatán,054,Muxupip,2990
31,Yucatán,055,Opichén,7080
31,Yucatán,056,Oxkutzcab,33854
31,Yucatán,057,Panabá,7766
31,Yucatán,058,Peto,25954
31,Yucatán,059,Progreso,66008
31,Yucatán,060,Quintana Roo,976
31,Yucatán,061,Río Lagartos,3974
31,Yucatán,062,Sacalum,4962
31,Yucatán,063,Samahil,5631
31,Yucatán,064,Sanahcat,1701
31,Yucatán,065,San Felipe,2118
31,Yucatán,066,Santa Elena,4220
31,Yucatán,067,Seyé,10053
31,Yucatán,068,Sinanché,3206
31,Yucatán,069,Sotuta,8967
31,Yucatán,070,Sucilá,3971
31,Yucatán,071,Sudzal,1949
31,Yucatán,072,Suma,1857
31,Yucatán,073,Tahdziú,5854
31,Yucatán,074,Tahmek,3774
31,Yucatán,075,Teabo,6921
31,Yucatán,076,Tecoh,17939
31,Yucatán,077,Tekal de Venegas,2683
31,Yucatán,078,Tekantó,3747
31,Yucatán,079,Tekax,45062
31,Yucatán,080,Tekit,11020
31,Yucatán,081,Tekom,3355
31,Yucatán,082,Telchac Pueblo,3512
31,Yucatán,083,Telchac Puerto,1915
31,Yucatán,084,Temax,7037
31,Yucatán,085,Temozón,16680
31,Yucatán,086,Tepakán,2133
31,Yucatán,087,Tetiz,5464
31,Yucatán,088,Teya,1917
31,Yucatán,089,Ticul,40495
31,Yucatán,090,Timucuy,7503
31,Yucatán,091,Tinum,12700
31,Yucatán,092,Tixcacalcupul,7888
31,Yucatán,093,Tixkokob,18420
31,Yucatán,094,Tixmehuac,5444
31,Yucatán,095,Tixpéhual,5690
31,Yucatán,096,Tizimín,80672
31,Yucatán,097,Tunkás,3684
31,Yucatán,098,Tzucacab,15346
31,Yucatán,099,Uayma,4191
31,Yucatán,100,Ucú,4049
31,Yucatán,101,Umán,69147
31,Yucatán,102,Valladolid,85460
31,Yucatán,103,Xocchel,3451
31,Yucatán,104,Yaxcabá,16350
31,Yucatán,105,Yaxkukul,3293
31,Yucatán,106,Yobaín,2215
32,Zacatecas,001,Apozol,6260
32,Zacatecas,002,Apulco,4942
32,Zacatecas,003,Atolinga,2277
32,Zacatecas,004,Benito Juárez,4493
32,Zacatecas,005,Calera,45759
32,Zacatecas,006,Cañitas de Felipe Pescador,8255
32,Zacatecas,007,Concepción del Oro,12115
32,Zacatecas,008,Cuauhtémoc,13466
32,Zacatecas,009,Chalchihuites,10086
32,Zacatecas,010,Fresnillo,240532
32,Zacatecas,011,Trinidad García de la Cadena,3362
32,Zacatecas,012,Genaro Codina,8168
32,Zacatecas,013,General Enrique Estrada,6644
32,Zacatecas,014,General Francisco R. Murguía,20191
32,Zacatecas,015,El Plateado de Joaquín Amaro,1579
32,Zacatecas,016,General Pánfilo Natera,23526
32,Zacatecas,017,Guadalupe,211740
32,Zacatecas,018,Huanusco,4547
32,Zacatecas,019,Jalpa,25296
32,Zacatecas,020,Jerez,59910
32,Zacatecas,021,Jiménez del Teul,4465
32,Zacatecas,022,Juan Aldama,19749
32,Zacatecas,023,Juchipila,12251
32,Zacatecas,024,Loreto,53709
32,Zacatecas,025,Luis Moya,13184
32,Zacatecas,026,Mazapil,17774
32,Zacatecas,027,Melchor Ocampo,2736
32,Zacatecas,028,Mezquital del Oro,2451
32,Zacatecas,029,Miguel Auza,23713
32,Zacatecas,030,Momax,2446
32,Zacatecas,031,Monte Escobedo,8683
32,Zacatecas,032,Morelos,13207
32,Zacatecas,033,Moyahua de Estrada,4530
32,Zacatecas,034,Nochistlán de Mejía,27945
32,Zacatecas,035,Noria de Ángeles,16284
32,Zacatecas,036,Ojocaliente,44144
32,Zacatecas,037,Pánuco,17577
32,Zacatecas,038,Pinos,72241
32,Zacatecas,039,Río Grande,64535
32,Zacatecas,040,Sain Alto,21844
32,Zacatecas,041,El Salvador,2509
32,Zacatecas,042,Sombrerete,63665
32,Zacatecas,043,Susticacán,1365
32,Zacatecas,044,Tabasco,16588
32,Zacatecas,045,Tepechitlán,8321
32,Zacatecas,046,Tepetongo,6490
32,Zacatecas,047,Teúl de González Ortega,5356
32,Zacatecas,048,Tlaltenango de Sánchez Román,27302
32,Zacatecas,049,Valparaíso,32461
32,Zacatecas,050,Vetagrande,10276
32,Zacatecas,051,Villa de Cos,34623
32,Zacatecas,052,Villa García,19525
32,Zacatecas,053,Villa González Ortega,13208
32,Zacatecas,054,Villa Hidalgo,19446
32,Zacatecas,055,Villanueva,31558
32,Zacatecas,056,Zacatecas,149607
32,Zacatecas,057,Trancoso,20455
32,Zacatecas,058,Santa María de la Paz,2767